record_id,timestamp,vin,lon,lat,speed
939ed1d1-1740-420c-8906-445278573c7f,4:25:06.000,4FTEX4944AK844294,106.9447146,-6.3385652,25
f29a5b3d-d0fa-43c0-9e1a-e2a5cdb8be7a,8:10:47.000,3FTEX1G5XAK844393,108.580681,34.79925,37
ff8e7131-408d-463b-8d07-d016419b0656,20:26:44.000,2LAXX1C8XAK844292,114.392392,36.097577,90
bc75da5f-1bf6-444c-80ad-49c180e1b8de,23:16:06.000,3FTEX1G5XAK844393,-76.6990172,2.481207,40
7bdcf779-444e-4313-83da-140461933aeb,22:28:44.000,5FTEX1MAXAK844295,-47.0145295,-21.4649238,40
ae472808-850f-4a79-9da7-54c39bb974d1,0:45:06.000,5FTEX1MAXAK844295,-54.1830076,-34.6559151,96
893c2698-130e-41e9-b0a2-dda0f84187c3,13:47:44.000,4FTEX4944AK844294,-77.4658948,18.0651384,57
3a044128-6a13-4ba8-999e-6bc169d13575,10:56:40.000,2LAXX1C8XAK844292,111.1518552,-6.7062035,44
116e1cff-356b-4983-8ee6-0b13160e4dab,9:16:11.000,1FTEX1C8XAK855191,-0.4546217,46.3194856,84
bea1f362-190b-445a-847b-09ec941b0dbb,3:51:04.000,5FTEX1MAXAK844295,45.0304001,38.8884333,58
b29ccd0b-a4c0-4b71-b763-3d8a2a159b0a,9:57:33.000,1FTEX1C8XAK855191,120.9814426,13.8206796,78
251bf685-52c2-42e3-b2c2-95472a7094b0,5:51:49.000,4FTEX4944AK844294,103.6487041,1.424768,56
2725b2f6-ea82-405f-adee-25b0e9e37f36,18:49:19.000,5FTEX1MAXAK844295,35.3082117,-16.0100923,68
a9bc6b2c-ff2c-48ba-bca9-b503c92e3850,16:21:25.000,4FTEX4944AK844294,22.4781721,61.7664099,10
5df7102c-c38c-4162-b2e5-b7d5c79df368,2:02:58.000,5FTEX1MAXAK844295,-72.9485366,-40.3313422,93
9c74ceaf-89c8-43e4-b35e-7dd0017afafc,3:29:05.000,1FTEX1C8XAK855191,-75.62239,4.870121,62
798b840f-7bb0-4483-8b9f-30e193523750,21:04:58.000,4FTEX4944AK844294,-71.8326771,-13.9705607,100
36f66e9f-27ab-4766-a1c9-f32e44151da2,22:38:54.000,3FTEX1G5XAK844393,80.9318332,29.2604745,27
1d71eb38-c61b-43e5-8436-e134e9046a2f,8:41:51.000,5FTEX1MAXAK844295,114.987561,56.339549,97
c84a60e7-b462-476b-8559-93da4f131469,22:28:06.000,5FTEX1MAXAK844295,9.8180732,4.8478109,80
ded3ce7f-4c14-45c6-adf2-4f78b2ad77a2,3:52:51.000,4FTEX4944AK844294,106.851763,-6.6817255,66
0e3f2895-cc86-4645-9bed-6db238c85ce4,23:05:55.000,2LAXX1C8XAK844292,-39.0303806,-3.4142906,57
6f923280-c462-4ae5-9a06-ac32d63734d4,1:50:45.000,2LAXX1C8XAK844292,13.6156546,56.4477313,38
bc71efdd-a93a-4241-b792-9ea947edb57f,9:44:47.000,3FTEX1G5XAK844393,125.4280007,11.8711517,2
bce0f8fe-ffb8-4afc-9759-7cca4944e9c1,14:09:14.000,5FTEX1MAXAK844295,-66.328463,-33.3077816,31
91c33bf6-e297-4cca-86d5-05f208fb237c,8:41:42.000,2LAXX1C8XAK844292,98.494548,39.73287,98
cc698389-35a8-4cfa-8722-acc6d5401f33,23:00:29.000,4FTEX4944AK844294,111.012675,22.0462137,70
dad18c82-f28c-474e-8928-6437188c14b3,11:37:48.000,5FTEX1MAXAK844295,18.4529131,60.2638215,2
77b2bbd3-905e-49bf-806e-5bfd88beffce,2:11:34.000,5FTEX1MAXAK844295,26.9669311,59.3559924,89
795e3eca-1059-4784-8f15-3a77137dcc91,18:41:52.000,3FTEX1G5XAK844393,48.2017123,46.3368774,22
c1bda839-a8ad-49ef-a0a4-de49ff040d80,18:29:46.000,4FTEX4944AK844294,21.1427073,65.3418445,8
2bc950c6-0bc2-4c87-ba7e-3b511043c2be,19:18:52.000,2LAXX1C8XAK844292,18.946898,53.3800563,2
9da7731d-95dc-43b7-aaab-d16588a28ee5,17:30:19.000,5FTEX1MAXAK844295,47.1792159,42.41231,39
b7a81054-35a8-4842-9927-992a81d21a95,19:33:13.000,1FTEX1C8XAK855191,32.3448813,49.660465,5
30351658-acaa-48d9-bf4b-2edaddc3425a,13:57:57.000,4FTEX4944AK844294,21.8727139,49.935213,72
3982b1e9-3550-4b7a-964f-11941704caee,4:31:40.000,4FTEX4944AK844294,100.482354,41.234822,32
c4f5082c-f681-4b99-83c2-ae750f3540d9,22:30:28.000,3FTEX1G5XAK844393,121.685484,29.60095,27
6595220f-0bed-4df6-9c58-f7c4fe1d95f6,1:19:50.000,1FTEX1C8XAK855191,-80.2056382,25.7564471,68
48554306-769d-42d8-87cd-40bd8f94045d,3:51:39.000,4FTEX4944AK844294,21.7193111,65.8263119,4
44182b73-94e7-4c11-9670-e015acf14aa9,19:56:55.000,3FTEX1G5XAK844393,128.2035269,41.4174956,22
3ac1e85b-2f9a-41ed-8a35-d55e1aba1b6a,4:15:18.000,2LAXX1C8XAK844292,57.7371569,28.6751124,98
0c5e6b82-a308-4c4b-a1e4-78a79e58df41,20:08:54.000,1FTEX1C8XAK855191,0.813275,46.6473105,91
98b54a5d-0930-4160-ab70-7b2d33917e36,15:36:25.000,3FTEX1G5XAK844393,6.785553,47.613861,94
012f0b5c-4d2f-490b-bb47-f2aa2d1ff19b,23:36:27.000,4FTEX4944AK844294,-99.1843676,18.8478608,29
69a5a909-0a41-418b-a46d-e94f5f1e11cf,19:16:50.000,1FTEX1C8XAK855191,-74.4195864,18.5614891,45
3f47a94b-60f6-4aae-beaf-fd68b2f32b89,5:50:26.000,2LAXX1C8XAK844292,166.2143471,-21.609128,37
66a071e5-23ed-4e45-b58f-b1b343634fdf,2:26:51.000,2LAXX1C8XAK844292,50.5809058,55.3578708,86
f62dacfd-90f0-4032-933b-ea285ba80a68,22:58:22.000,5FTEX1MAXAK844295,-2.4567059,36.8414494,99
ad24671d-bad7-497e-bedd-296a36df6ecc,14:03:27.000,2LAXX1C8XAK844292,16.7522057,52.8551656,85
09b3b681-8243-45e2-9a7d-212f8b74c140,3:57:34.000,1FTEX1C8XAK855191,118.510616,32.955581,22
58e843e1-9535-49e0-997c-2922eaef0584,7:28:44.000,4FTEX4944AK844294,18.0732103,59.3337467,91
8969de97-46dd-44b3-90ff-f12c62791c8b,18:44:44.000,1FTEX1C8XAK855191,70.0973718,53.016924,54
8bb0e704-5698-4c6b-82a4-bd077d16d1d4,6:35:48.000,2LAXX1C8XAK844292,112.562369,22.356083,88
60c22327-6f36-466b-bfc6-75c1f1b5beb9,22:35:41.000,2LAXX1C8XAK844292,18.8697867,50.1558976,73
1400fc21-3450-4a33-bd88-cc9f8323263c,10:18:15.000,1FTEX1C8XAK855191,12.3176309,58.276821,85
cf2e7763-ddef-494f-8b80-7f6d84652284,23:23:42.000,3FTEX1G5XAK844393,22.904714,50.4011293,86
98caf44e-f55c-4ef7-869b-157ba8e5a2e8,0:25:56.000,5FTEX1MAXAK844295,5.8057676,46.3561381,23
f9c62f6a-4a2a-4176-818e-1c4c12e3aca1,8:28:36.000,3FTEX1G5XAK844393,-68.8413237,-32.8259485,92
e69c44d0-b9ae-4c1f-9210-4d48c6785396,8:45:51.000,3FTEX1G5XAK844393,35.17001,31.65051,46
9c8ebcd6-46b2-4bfd-b858-f2668958d0bb,11:02:53.000,2LAXX1C8XAK844292,122.8333359,10.5333328,28
e2a854aa-2e6c-4d0e-81e0-924022b8111a,10:41:29.000,3FTEX1G5XAK844393,-82.5131717,22.795672,8
2345ba2e-1955-4c3b-a14f-7a46e28de67a,9:10:03.000,2LAXX1C8XAK844292,15.7562659,52.4874765,50
e4f08810-3cc1-41cf-a87c-966d3bd81d5c,14:36:46.000,4FTEX4944AK844294,-6.2216678,41.5776315,47
c2d7c1ac-ec0d-4119-96c0-21f4a966ac25,17:38:35.000,4FTEX4944AK844294,112.203287,25.904305,90
6aa95487-9bf7-4270-822a-d9dbb1a88383,14:29:25.000,3FTEX1G5XAK844393,107.468023,31.209571,96
792e4336-e045-4810-8c7f-e1355fa93c36,1:30:14.000,4FTEX4944AK844294,100.314818,14.371666,28
3e6b62cd-03a2-40ce-9c8e-d452d400c06a,10:42:32.000,3FTEX1G5XAK844393,-8.1722002,54.3051891,48
56a017fc-eca1-4f8d-a081-612331117cb9,22:26:29.000,4FTEX4944AK844294,105.9495,-6.3943,5
f827696b-ef36-4ecd-889e-7317af02e169,5:09:50.000,3FTEX1G5XAK844393,102.5642447,17.4214483,48
29d7775d-e39f-4322-87d6-46619a031a6a,7:55:47.000,4FTEX4944AK844294,106.0243,-6.511,23
28db07a4-e602-476f-8a93-9427fbbb5881,0:01:27.000,5FTEX1MAXAK844295,19.46436,50.614436,73
c337e839-06d7-475e-ae9c-fad37338d3f8,1:19:34.000,2LAXX1C8XAK844292,-73.393617,7.761063,14
c0b7a9d6-c239-41be-a43b-5ba9d88a90ff,20:47:02.000,1FTEX1C8XAK855191,21.053265,52.1012559,4
c0d1967d-49b1-4eea-9130-516e3798f03c,22:27:39.000,2LAXX1C8XAK844292,121.227747,31.032243,69
e6d5972f-35ee-4026-b9c8-8327bd23e3c9,21:08:26.000,2LAXX1C8XAK844292,-10.022186,53.488087,85
5bc84e27-29ca-4236-89eb-6c12473126e4,8:37:17.000,4FTEX4944AK844294,85.3239605,27.7172453,79
d0e9d382-faaf-4263-ace0-53bccc6a557e,20:01:28.000,5FTEX1MAXAK844295,122.9796796,-8.3278028,45
0624c440-fc02-47b2-806d-e20d74dc7eaf,23:28:45.000,3FTEX1G5XAK844393,-111.97,33.45,2
ae05ade1-57ed-4d95-860b-e91ad4e87a3d,15:33:12.000,1FTEX1C8XAK855191,115.008163,31.172739,5
dc083408-a77d-4336-94fe-c427eb6295aa,16:11:58.000,4FTEX4944AK844294,21.8296162,40.2259198,63
2a73426b-4b9e-4ec0-ad58-2c67ec0fa5d4,0:53:46.000,4FTEX4944AK844294,24.5034541,58.610989,37
5d687874-426c-47eb-94dd-49d5130da6ec,18:17:51.000,5FTEX1MAXAK844295,-71.0998393,19.6478178,37
6bd7325e-9d5b-43dc-bc58-4ed373f11b18,20:43:49.000,1FTEX1C8XAK855191,38.956757,45.5946392,80
32f01e9e-1a1b-4e08-bae8-57daf0a4041f,21:10:12.000,4FTEX4944AK844294,19.8828847,44.8237819,81
c81332e9-fc12-4db1-924f-025b08ae2d2b,14:13:21.000,1FTEX1C8XAK855191,-12.2490697,10.6868176,68
e522a4b1-16b4-4c91-8034-59ecc0edeb67,3:23:11.000,2LAXX1C8XAK844292,71.9355029,34.0078256,65
8c563253-47d4-434a-944d-45418223c1ef,16:23:25.000,4FTEX4944AK844294,108.879265,34.198019,79
2e75f4b2-c98d-4281-b509-8a3a5f360807,12:07:31.000,2LAXX1C8XAK844292,106.825714,-6.223224,2
8bfa1e42-cd14-4576-8f4f-a7f89036fef3,0:18:25.000,1FTEX1C8XAK855191,14.3926584,45.3652354,15
284c4b8e-9dcf-4e8f-96aa-5d0e29848f48,18:11:12.000,1FTEX1C8XAK855191,2.3999815,48.8218211,18
59391d6a-8613-4599-8016-c8741b1332da,9:22:40.000,1FTEX1C8XAK855191,22.7494193,37.705473,76
1e0cbb00-a28c-4ac5-acda-e2510a359fae,8:55:03.000,1FTEX1C8XAK855191,11.9323841,57.7230291,13
623a8bff-0b12-451b-a969-405112798d56,20:39:33.000,5FTEX1MAXAK844295,-64.2111608,-31.4561755,20
e577c9cb-d0d5-440f-b358-99acfc41261a,15:59:03.000,5FTEX1MAXAK844295,-102.7799627,20.8068681,99
97cede1b-26ab-4cec-a684-1009c5c8282a,17:57:10.000,5FTEX1MAXAK844295,2.510652,49.243003,19
2e29eb3b-a505-4c19-b6f2-247c49f1e203,23:45:23.000,2LAXX1C8XAK844292,0.7423124,45.1905186,45
a91c95c2-8070-46a5-b4d4-3aaa002dcec3,8:36:04.000,5FTEX1MAXAK844295,113.1213,-8.1297,59
230f2ad2-c1ef-4d78-8f89-c400e8e4b252,1:29:11.000,3FTEX1G5XAK844393,-8.2869478,41.2828507,12
a883c2d1-d3be-4df2-b0b7-bf37fce39049,20:19:58.000,4FTEX4944AK844294,-8.6465086,41.2600249,14
7fe2d220-53dc-4b9e-a836-f921a45e593f,11:11:56.000,5FTEX1MAXAK844295,113.772655,26.489902,19
fdf4b1a8-cfb4-4f77-b385-49318d4e07e5,21:00:21.000,4FTEX4944AK844294,16.493598,13.648096,41
e6f58cac-a705-4f03-99eb-ca952bd728b4,13:53:07.000,4FTEX4944AK844294,113.34663,-7.1846561,58
1c119045-6b47-49b6-b62c-d64698569d45,5:12:27.000,3FTEX1G5XAK844393,-99.1054986,23.7426988,29
016b7a75-e67e-46f0-96d9-096b5b09402d,21:04:43.000,1FTEX1C8XAK855191,113.8374236,23.2878976,80
bc70f6b2-fbd5-4d01-97bb-d514d24c0ff9,22:26:38.000,2LAXX1C8XAK844292,22.7575987,54.6410525,23
cb7bd9b4-e77d-4e08-b99a-89b70e3b04a7,11:16:23.000,5FTEX1MAXAK844295,113.2827,-8.1054,37
ae85e520-c6e2-4e17-889f-3b12b14ffe99,11:14:45.000,4FTEX4944AK844294,100.5201019,13.70832,29
79d8d0eb-db10-4aa5-80c5-37b6fb79a053,4:53:29.000,3FTEX1G5XAK844393,-99.5171206,18.3417854,41
a5b6c9e6-4c32-4823-a53b-0c2d79231f0d,1:15:26.000,1FTEX1C8XAK855191,86.574067,42.059759,44
94e512b3-43cc-4646-b58a-dcd11f22861e,19:50:16.000,3FTEX1G5XAK844393,134.1150413,-1.4698725,94
7b7d191c-fc54-41e4-b356-8f9c7c6837ae,10:51:47.000,3FTEX1G5XAK844393,16.5805056,-18.3604041,51
b4a69f4f-75fe-410d-a533-803d4012b561,0:19:42.000,4FTEX4944AK844294,3.8379578,46.7713478,25
bc16330c-896d-4745-b8a7-846ddd050246,6:28:03.000,1FTEX1C8XAK855191,114.65,-2.8166669,28
a98e1316-9e68-4e65-8f3e-10f980f6d58b,8:18:22.000,2LAXX1C8XAK844292,111.463919,21.519181,10
465e0d6c-0665-4125-98fc-30d8c6bb5175,19:25:00.000,1FTEX1C8XAK855191,119.7889248,29.1416432,1
8832b8a3-2cbc-4b12-8505-22ffe3a9cb98,15:18:38.000,3FTEX1G5XAK844393,15.8653468,52.0720997,95
ade0fcfc-a242-4b0b-a445-533d06c56643,19:17:41.000,2LAXX1C8XAK844292,-7.632555,33.6086342,95
93e3b70b-9e9d-4ca9-9ca0-9d80c2cc265e,23:14:40.000,5FTEX1MAXAK844295,69.4307821,34.0136456,72
fc83a87d-c325-4d0c-8042-360d3f898097,20:14:10.000,3FTEX1G5XAK844393,22.937308,49.5216159,57
027215d1-723c-46c3-b814-66e855ba0916,2:28:02.000,3FTEX1G5XAK844393,105.298756,34.014215,75
c85d125e-4a3e-43fb-b01f-2a2ca5af6f84,14:57:01.000,1FTEX1C8XAK855191,-8.4788248,40.280218,73
c54cfe7d-252d-47e2-803c-c10a20b60ccb,11:29:56.000,3FTEX1G5XAK844393,130.785523,32.1911268,76
dc4fed18-9b62-427d-bd07-0203df83c50e,13:28:29.000,5FTEX1MAXAK844295,139.9293618,35.9015663,60
d52eafa0-181c-4f88-b7c3-f0ec1fcc1daa,6:54:07.000,1FTEX1C8XAK855191,-56.7664844,-27.1435718,28
303517b8-9c23-45e8-9723-fc66b5ea6118,5:30:14.000,1FTEX1C8XAK855191,121.931606,29.202542,62
ea4f1004-9523-41ff-abc0-750fb0b15125,19:46:49.000,3FTEX1G5XAK844393,-74.354009,4.809984,63
7c3d8404-6428-4be0-9b1e-ac030ee477a4,5:17:40.000,2LAXX1C8XAK844292,112.4172256,-7.617735,39
1de74dee-eef2-49e7-b80c-defbe0e812ea,9:54:17.000,1FTEX1C8XAK855191,115.814504,32.890479,100
aba58275-6110-4b6c-a57a-a1ef5703e555,1:47:36.000,4FTEX4944AK844294,44.5018318,56.7889481,11
fbce09f3-d201-4d9e-956a-d94b75b3f004,22:36:07.000,5FTEX1MAXAK844295,66.9140468,50.2496386,77
35b3c926-c508-4e13-8c39-7096ec128af4,7:45:04.000,2LAXX1C8XAK844292,113.184645,30.135462,54
9662b550-4685-4558-b014-c9b6a4bac152,12:49:29.000,3FTEX1G5XAK844393,39.8733409,10.7242788,18
f846376c-fb77-42cc-a693-51d946e3236e,22:47:22.000,1FTEX1C8XAK855191,100.1255164,16.4306671,12
86cfc42e-8b04-4b74-b206-fff60e7714e6,5:20:19.000,1FTEX1C8XAK855191,121.012416,31.93957,38
d0feeac9-cb75-4bc9-bb12-9add7795b0c7,6:14:22.000,5FTEX1MAXAK844295,-87.1242072,14.3770919,95
ba58c8c0-5d59-4a42-b251-d60284b19cbf,17:33:11.000,4FTEX4944AK844294,110.4381254,-7.0051453,45
9d039f4b-25f7-4613-a289-41e78f9b5d85,16:10:10.000,5FTEX1MAXAK844295,100.5633655,13.8198099,15
66911b93-a525-4408-9655-e8c1719dc8a7,15:47:53.000,3FTEX1G5XAK844393,-7.74208,54.70972,54
d84c33f7-3b64-4f14-aaed-e7130d8b20c4,2:31:35.000,4FTEX4944AK844294,100.5583692,13.7192462,10
b36f7f7b-703f-4ec4-a5af-44615804c34d,14:31:15.000,1FTEX1C8XAK855191,18.1546193,50.5715496,90
1a590252-9692-4fb6-aca8-ad7cbb064b51,8:03:42.000,5FTEX1MAXAK844295,36.0322459,35.5955313,91
ed73f362-ccb9-4dba-bc6e-118b825c87e0,13:31:47.000,1FTEX1C8XAK855191,113.810157,26.319938,92
9d09442a-0d71-461a-a8fa-236d8b94dd2c,13:54:36.000,1FTEX1C8XAK855191,113.535247,24.173306,47
d5684644-06fc-4aa0-aebb-5729d46a6431,9:19:09.000,2LAXX1C8XAK844292,20.2753893,63.8223321,38
a911a4de-582a-4d4d-a838-e4eac00deff0,8:04:59.000,3FTEX1G5XAK844393,71.3979891,42.8983715,74
ca363076-95dc-4c29-8469-0ceb19322fde,17:22:40.000,4FTEX4944AK844294,-106.78,32.31,97
747ad6c0-d357-4a75-8a17-baeb1cbab3f9,13:24:28.000,3FTEX1G5XAK844393,115.203506,23.213961,27
e98c7301-e4c1-4f50-bd8b-98879440c816,18:32:35.000,5FTEX1MAXAK844295,25.8490867,51.3436553,92
46b00caa-a036-46d9-99af-cdea39950567,14:13:09.000,4FTEX4944AK844294,19.6808046,49.417735,10
5019471e-61bf-4611-a576-c88b66aea4ee,6:36:02.000,4FTEX4944AK844294,-41.0165586,-19.5097867,2
c9f1b68a-0c81-447f-9d9d-60112b7282bc,8:31:52.000,3FTEX1G5XAK844393,79.069332,39.864867,58
8136c49c-de98-402e-ba04-e64beb598591,23:01:26.000,4FTEX4944AK844294,20.3301247,52.8186154,52
a9e5f99b-ec6c-43a1-9cd3-8be0b02e2b59,3:12:40.000,5FTEX1MAXAK844295,116.4073963,39.9041999,29
e39dfd5a-e815-4db5-ac47-09742540283e,19:33:41.000,2LAXX1C8XAK844292,17.7458559,43.3564826,78
1ecd78c7-6d1f-4c71-abbf-6f485d130d49,0:06:21.000,3FTEX1G5XAK844393,-100.9086492,25.5822549,48
31f19b59-ade6-4a6d-ad3e-34b936474e4d,10:25:36.000,2LAXX1C8XAK844292,24.4272889,48.6841029,38
58e8b1a6-7ee2-4d85-9452-817043226a31,3:19:22.000,3FTEX1G5XAK844393,0.098598,48.4339701,22
80fa0e52-232b-4e8c-bf12-d1c5aab85504,2:13:24.000,4FTEX4944AK844294,2.3536083,48.7381259,52
5a2859b6-27d6-490b-b269-12701b2f403a,10:26:20.000,3FTEX1G5XAK844393,20.2757746,51.3798501,75
378facdf-770d-4f53-9c0c-a2ee8c25013f,10:05:19.000,3FTEX1G5XAK844393,9.7734455,0.3740355,35
f26abb11-7add-4cce-bf7e-7eaf97247bb2,18:49:39.000,5FTEX1MAXAK844295,158.25723,52.96202,85
7d99c6ca-effe-4aa6-9a45-aa644e49e9fd,5:18:59.000,3FTEX1G5XAK844393,39.9476278,56.0160374,34
ab005ab7-1a4e-476d-907d-ea6d8453a58c,12:01:52.000,1FTEX1C8XAK855191,-101.90093,51.56668,98
b1947b99-bf2a-48dc-a553-1696250e399e,4:53:23.000,3FTEX1G5XAK844393,35.16727,31.66516,76
5b791511-597a-4963-b3b8-fb7a0d2c11a5,7:41:08.000,3FTEX1G5XAK844393,35.068807,32.016539,27
08693906-f126-4bfc-a776-768f2f3016a2,13:37:19.000,2LAXX1C8XAK844292,36.8458837,-1.2816645,55
041c5ebe-be26-443f-8e89-4592aca11c52,5:34:25.000,2LAXX1C8XAK844292,53.715125,57.903389,76
a088b51c-5197-4407-a9c5-9c3d4e449334,19:38:39.000,1FTEX1C8XAK855191,30.61534,59.9355,45
3a0a0ad0-cfaa-4591-b9e5-2375541d5225,13:38:36.000,1FTEX1C8XAK855191,11.3771496,8.8928524,32
3f13cbce-bdf3-4c0f-9e8b-9eb1c6f09efd,17:50:40.000,3FTEX1G5XAK844393,113.4242071,34.7871544,71
0493c3ec-2a90-4c0b-aa44-54bbca387ecb,23:39:27.000,4FTEX4944AK844294,131.2449277,34.0753818,13
d8ebcf9f-9df8-4c6c-b7f0-3de43d33f900,16:48:34.000,3FTEX1G5XAK844393,36.2576611,34.6682722,19
7127afa4-59c8-41a9-842f-19878f5259cd,21:48:22.000,3FTEX1G5XAK844393,25.3430203,-24.988061,60
fbc33045-1135-4691-a0d3-1a311571ed0e,17:02:03.000,2LAXX1C8XAK844292,147.2679116,-43.3937074,82
7ecbd8e3-bdd8-4950-aaee-3ab40b6f696f,19:44:49.000,4FTEX4944AK844294,89.982425,29.222417,9
a7ac3c56-52d7-4971-b223-7c4bd71629b8,5:12:15.000,4FTEX4944AK844294,-8.5405003,39.5160073,97
5a9f8b06-45c6-4805-9859-0922652198ff,1:14:32.000,4FTEX4944AK844294,125.84222,7.28361,72
89dbf707-37ee-4f87-9400-96738c2372a3,1:26:46.000,3FTEX1G5XAK844393,22.0128609,50.867559,43
21008d31-314c-4296-93df-e6a4447618e9,15:45:22.000,2LAXX1C8XAK844292,25.4549855,65.0588742,88
0da7c806-199a-43cd-810a-87296afefdf3,6:12:20.000,5FTEX1MAXAK844295,-7.5780825,40.8631854,59
9768762b-cf88-4ee9-9f82-cc9aead46509,15:36:35.000,4FTEX4944AK844294,107.172085,-6.3079232,100
2c412816-be56-4679-8b92-eea47a495456,15:03:28.000,5FTEX1MAXAK844295,101.7178316,3.1523104,73
15f7606e-91fd-428d-bb8b-ba3bb1ca6402,11:46:31.000,4FTEX4944AK844294,-105.98446,49.63336,20
4eabf4d0-9881-4a0e-a1f8-da874fe8b4bc,6:24:26.000,1FTEX1C8XAK855191,-68.1437314,47.0101212,64
2810fcf9-20ea-43ab-b9bc-3837d952515b,16:57:16.000,2LAXX1C8XAK844292,39.5813214,46.5450722,100
866bf276-861a-40f8-b5a6-717a68374a35,0:33:13.000,5FTEX1MAXAK844295,37.1778581,49.6877737,3
a0517cea-e92f-4fca-aaf9-f352af6bf995,19:19:23.000,4FTEX4944AK844294,-69.7320914,19.0077085,91
b46cf0fe-6244-4cdb-90bd-07e665469339,13:39:36.000,4FTEX4944AK844294,112.4303,-7.0748,85
595df583-f156-427c-b7d0-cd5ba4528639,18:36:16.000,3FTEX1G5XAK844393,-76.9611991,38.9187037,88
98dc905e-09ba-4198-ac93-6295adcde2a8,20:08:39.000,3FTEX1G5XAK844393,26.1751462,39.367146,2
3b09e8cc-5243-4d1e-8a71-187bdd8cd636,16:43:38.000,5FTEX1MAXAK844295,75.8098141,41.1694718,48
392e79e2-9366-4a9c-b419-df68102ad53f,21:37:17.000,2LAXX1C8XAK844292,100.2712297,13.6427173,71
49badea5-5c7e-413c-afe1-30704fddac8c,20:57:02.000,1FTEX1C8XAK855191,118.146114,26.905819,32
b7b8a419-e380-4753-84c2-6aa8fb4ffedf,12:37:09.000,5FTEX1MAXAK844295,133.4167423,34.5646414,49
0d21e324-3ec3-4259-8544-2581ce9fd13f,19:04:53.000,2LAXX1C8XAK844292,-7.2372538,39.9226488,90
a3682da3-1a1d-4926-a4fd-f0daa9ac7e80,11:20:20.000,5FTEX1MAXAK844295,-73.8269805,40.7530733,47
ccbbab45-fa83-4609-9c16-63bebcf41c6d,15:52:51.000,2LAXX1C8XAK844292,31.7822278,3.3783808,52
0529298a-6c24-4db4-b06c-6499836a1a38,1:54:17.000,4FTEX4944AK844294,-75.1078332,8.1607397,12
41859130-1f68-46e5-998f-8bea3df81832,1:59:43.000,4FTEX4944AK844294,30.9403023,3.2873127,9
0ea3610a-2e04-4203-a5a2-5037fda8108f,2:05:05.000,4FTEX4944AK844294,-8.5310302,41.0394733,30
2a19021f-2991-4e4c-9a3c-dcbd541faa9d,20:03:06.000,3FTEX1G5XAK844393,-8.5280694,39.7177351,36
465d397d-6b37-4dd9-afe0-d5bf3cf061d0,10:34:54.000,1FTEX1C8XAK855191,124.3465661,8.0030266,1
1524e052-5263-4ae6-bf91-4a0718cafdd8,2:04:50.000,2LAXX1C8XAK844292,6.3760602,45.6629694,15
37b4182c-3be8-46e9-83c7-03645dea359c,19:34:00.000,2LAXX1C8XAK844292,15.1782064,50.1267742,37
a6e516cd-3b24-4d1a-b796-fa46bbe58b5b,5:14:17.000,2LAXX1C8XAK844292,18.6057328,49.8545281,18
61689631-2a9c-406d-a0b2-8823fe3a0201,22:28:29.000,3FTEX1G5XAK844393,119.64742,29.079175,95
276f7801-c856-4b4c-977a-61bf14e0089f,21:02:14.000,2LAXX1C8XAK844292,-49.0801588,-25.3631459,20
f2db28f2-0629-4c02-a3ba-9a98842b3bf2,21:45:06.000,1FTEX1C8XAK855191,2.4882911,48.7980515,32
a44123dc-6f0b-4e91-80d2-37d7c52e757f,15:42:30.000,2LAXX1C8XAK844292,22.4624484,40.2683581,12
54a468f7-18ae-4438-9c88-b3130584cfc8,15:12:12.000,3FTEX1G5XAK844393,36.6083916,55.2259313,84
a3ed90ad-43f3-4ae6-ae9e-5af1fcf3643b,23:40:55.000,1FTEX1C8XAK855191,103.93935,22.529403,99
429a0467-edda-456f-83b4-cd06c0c35eee,7:11:54.000,5FTEX1MAXAK844295,120.00922,30.779444,1
b671b91c-1e88-46cd-a7c4-215a7731dd7c,16:24:48.000,4FTEX4944AK844294,113.6561725,-6.9485479,56
e954964e-3710-49b8-9637-c58a3b6b1b6e,6:26:22.000,3FTEX1G5XAK844393,72.8305922,18.9494246,23
a3c1bc4a-51b4-4ee3-b00e-896cd245345a,23:37:06.000,4FTEX4944AK844294,29.8005027,9.231487,5
8da06260-82ea-4103-b5a0-747161ef7289,13:32:29.000,3FTEX1G5XAK844393,160.147069,-9.1015826,93
508ec9f4-dbd0-4cf2-92c7-c0d4c9d966b3,7:51:49.000,3FTEX1G5XAK844393,48.86667,-13.5,65
df5e49a3-6ae7-4104-a89f-a3e8bb19d4cb,15:28:19.000,2LAXX1C8XAK844292,100.6759772,13.7626581,44
220fbc15-20ec-4558-9ae4-4c9673c67b89,21:26:55.000,4FTEX4944AK844294,28.6519897,46.2893452,67
21854e98-24be-49a6-a1db-e8a7caedf7b6,15:13:37.000,4FTEX4944AK844294,22.442238,50.069277,69
3fa44a49-2bb4-40ee-a1d5-902d4dd1a341,10:53:59.000,1FTEX1C8XAK855191,113.081508,22.579117,50
a8d39a44-c003-4149-adc3-a96ddd20798c,10:00:42.000,4FTEX4944AK844294,119.745363,32.770894,73
92378c92-974b-4b0b-80b4-0efcf0f93763,4:24:52.000,1FTEX1C8XAK855191,20.0199888,49.9936338,41
abaa931c-f115-483a-bcab-b95a7c8872c4,11:57:26.000,5FTEX1MAXAK844295,110.460225,19.7206,26
d6672f74-7443-4c79-b6fa-d794b62a16b9,15:55:39.000,3FTEX1G5XAK844393,16.881153,51.0720479,72
bdcf4dba-eaf9-4b79-ae20-bff148cf7079,14:28:05.000,3FTEX1G5XAK844393,108.4454089,-7.3742259,81
03dc88ec-ae24-4c32-bb10-8e27d3fc6003,22:15:14.000,2LAXX1C8XAK844292,32.9873888,49.9731106,4
76684aaa-2a01-4353-8a1f-7b47d5ecdfa9,21:16:09.000,3FTEX1G5XAK844393,20.3729893,51.7022968,8
96a068d1-f6a3-446c-af3e-3045c271392d,1:08:40.000,2LAXX1C8XAK844292,43.5192652,43.6865336,25
e340cceb-13de-42f5-9440-6be4420bbc84,4:17:23.000,1FTEX1C8XAK855191,123.3766669,-8.4963229,77
d4f3cfd7-bb4f-47fb-ac37-b572fa0439ce,22:37:20.000,3FTEX1G5XAK844393,16.3502006,58.4710363,94
1848b6c7-e874-4584-afe9-e5d6188c24b6,9:22:13.000,4FTEX4944AK844294,-73.4415929,7.0706548,90
2ee44fdb-9dca-4cc8-bce1-d5774e424c6a,8:00:02.000,3FTEX1G5XAK844393,14.51833,35.89222,34
fe94d6dd-c14f-451d-9297-76f2732e417c,16:12:46.000,3FTEX1G5XAK844393,111.4156647,-7.4873219,81
c683ed43-ff75-4000-b7b9-bf5aa2d614b1,4:48:41.000,4FTEX4944AK844294,112.225334,22.69569,85
7e6e63ee-9c00-4155-a067-004254aa279d,0:23:25.000,5FTEX1MAXAK844295,-112.8149467,49.6619465,60
3d38eac1-e2b0-4bc6-8ab1-38ccd253ebc8,5:45:27.000,4FTEX4944AK844294,141.2998457,-2.6896767,0
42c7648e-a237-4ae0-b2c6-90903c168cd2,8:02:39.000,4FTEX4944AK844294,33.8032762,31.132093,47
2fd5f90f-9f89-46ed-985d-ff408e91af71,20:47:36.000,2LAXX1C8XAK844292,111.8268458,-8.0545403,88
3bb50a20-bf90-4a23-a461-afd87add261e,10:53:37.000,1FTEX1C8XAK855191,106.8384873,-6.5472126,67
817aa37b-7226-4dd9-b04c-546b6b54cf94,22:22:03.000,2LAXX1C8XAK844292,117.6398107,39.0407357,7
7f1e4efb-f669-42a0-9073-c8f040f1a364,10:52:52.000,5FTEX1MAXAK844295,140.0433007,39.0000158,71
b29dc5a7-3ed3-4ebe-be9c-3cf07263bf75,7:33:55.000,3FTEX1G5XAK844393,-44.7235076,-23.2218772,73
f3390f5e-1d08-4081-92d8-f957b6ca8e52,5:57:04.000,2LAXX1C8XAK844292,-76.01598,3.5737543,59
9aa58161-838c-44eb-a7ea-a263e0b580de,0:41:40.000,1FTEX1C8XAK855191,110.3592495,-7.8100327,21
8fc8ef32-4d8b-4e6b-9115-f9bb2ac253ee,4:44:49.000,2LAXX1C8XAK844292,22.5669964,50.6964708,16
b072408a-e2c1-4528-a5fc-3c063f555aa6,0:24:47.000,4FTEX4944AK844294,123.16525,42.57495,43
854d06f1-47c7-4f3e-b995-da796e50b6e4,17:15:20.000,4FTEX4944AK844294,24.5753746,48.3424531,9
e8f7a250-dc59-4a90-82b8-867ce8247ae4,0:17:40.000,5FTEX1MAXAK844295,121.96434,16.99885,12
371f11b3-f03e-4b21-a084-05b14d353f60,20:23:07.000,5FTEX1MAXAK844295,28.0892299,54.0297214,24
09e4ef06-0ef3-4967-a415-c5bf507addba,19:12:05.000,3FTEX1G5XAK844393,140.3460747,37.3785618,90
07a31258-aefc-43ab-aca0-5c8e0f1e0206,22:50:56.000,1FTEX1C8XAK855191,56.570105,56.8813564,92
efeafe67-2d66-44a5-927b-7b2b23684fb1,16:12:02.000,4FTEX4944AK844294,-67.4985857,-16.8740315,85
3d3aab2d-7b7f-4c9b-984f-046bbcfa8d0b,11:44:34.000,3FTEX1G5XAK844393,-9.3809443,38.7930999,17
ed2462f8-eded-46b5-9063-7ab3361cca50,18:01:34.000,1FTEX1C8XAK855191,86.002798,46.522646,73
f751e87c-0e23-4387-bc19-37a2adf26728,14:01:20.000,2LAXX1C8XAK844292,21.3321974,29.090585,100
240a5355-4694-47fe-bc0e-aa73b30c77d3,4:25:55.000,3FTEX1G5XAK844393,108.2318208,-7.7357871,96
8acb9c7f-d7db-4ce5-8118-a904b56d89fd,13:44:27.000,3FTEX1G5XAK844393,-77.4185584,20.9874938,67
d96bf6fb-30c2-485c-8a57-53e8637715c1,23:36:07.000,2LAXX1C8XAK844292,-74.4028287,9.2209606,42
8f1e2ddc-31e3-4e10-b407-39ab3f525f19,4:18:34.000,2LAXX1C8XAK844292,14.310645,50.2416453,7
037aa90e-829c-4b70-84aa-532210d4eb63,23:17:22.000,2LAXX1C8XAK844292,-73.754257,-15.10129,89
d4178dfc-e5a8-4def-af65-af80a9ebca9c,4:39:04.000,3FTEX1G5XAK844393,-0.4198187,45.5733817,12
7449ecfa-338f-44a8-b597-a2ffcd1aaa31,9:23:08.000,2LAXX1C8XAK844292,111.380014,29.584292,50
585a74b5-1b48-43a9-b5d9-e380f94f9636,3:34:26.000,1FTEX1C8XAK855191,-92.4672927,31.319438,46
161c659c-3266-4ed5-9b2e-b7da288c822b,20:30:44.000,5FTEX1MAXAK844295,-83.9977527,9.9010414,19
a333ef34-c506-48d0-8dcf-d8383806a67a,3:58:15.000,5FTEX1MAXAK844295,36.477323,50.7873249,63
4e418bb0-7cf1-4bf7-8089-a49d7a2ffd31,1:26:53.000,1FTEX1C8XAK855191,-6.797592,12.4957874,17
cce5e6db-67a8-49ca-8559-c4bd842407f9,23:43:05.000,2LAXX1C8XAK844292,61.8799755,56.3996976,39
4a718050-d027-4bf8-ba16-6c6b2c5ce057,21:16:50.000,4FTEX4944AK844294,106.3875898,-6.4930095,100
e551eaaf-71f1-4681-b9e9-e977d6f07796,5:42:43.000,3FTEX1G5XAK844393,-73.868176,8.27533,91
fb765e44-bf28-45e1-94d0-93568e06170d,4:45:47.000,5FTEX1MAXAK844295,3.2131232,9.936763,45
16b45e06-33a9-43e9-a1c0-fa7cda50b3ed,19:38:20.000,1FTEX1C8XAK855191,113.744367,31.13856,59
70bb581a-2208-415a-82b0-4401443ff091,9:21:14.000,5FTEX1MAXAK844295,-55.7872944,-20.4670046,21
a48cc8eb-7c4f-46f6-8201-d37bade8e7f2,4:21:02.000,5FTEX1MAXAK844295,-68.1429679,47.015312,90
ba138d12-6693-417b-95f3-e7a53f4862ae,18:09:07.000,3FTEX1G5XAK844393,103.8,42.65,72
43de0a24-d92f-4e5a-8894-7a27b49b7559,7:12:51.000,2LAXX1C8XAK844292,25.692493,57.630161,41
297815e1-81c3-41d2-97f9-92238b208274,2:36:47.000,1FTEX1C8XAK855191,16.0470768,46.3856393,80
e641ba85-bf3c-4df7-a917-f8ffd6de1e27,18:55:26.000,1FTEX1C8XAK855191,47.8402601,-22.3539973,34
45598415-05ec-4b84-af31-7b2bcdb14137,19:47:44.000,4FTEX4944AK844294,99.8459774,12.0683397,90
7b03bd4e-ca9e-46d1-8c05-d1922aef4b98,17:57:01.000,5FTEX1MAXAK844295,44.3668052,13.6192978,68
301a9c09-4886-4c50-a18c-1c7df7da79ab,22:02:24.000,1FTEX1C8XAK855191,15.5284132,51.9653089,56
882087a5-3c45-45de-9e35-97ff5c21ae44,2:19:47.000,4FTEX4944AK844294,-70.879328,-33.2827093,91
ed20972c-3a23-465f-aae1-c2cd6b943482,13:49:26.000,5FTEX1MAXAK844295,107.0037509,-7.2693645,61
a830f8b6-d6a3-40bb-a8ac-e2751adfd907,6:41:47.000,3FTEX1G5XAK844393,15.2414232,50.4351008,72
1bf62fbe-1886-41f2-8d51-9f82a4f8d0f9,14:17:30.000,3FTEX1G5XAK844393,108.463214,-7.0695176,92
0512bc05-4081-4128-b599-ed7972252f1e,11:43:18.000,1FTEX1C8XAK855191,126.8573186,4.2784597,100
67027328-bfd3-4276-b077-a461a387f9fb,5:53:36.000,3FTEX1G5XAK844393,-61.558,16.2359,75
05d21a67-4503-4685-8bfc-4c1d9e098b59,19:55:36.000,4FTEX4944AK844294,9.9471012,53.5662722,23
c25552d9-7a6f-4948-bc19-a47df9402a16,13:27:01.000,1FTEX1C8XAK855191,25.7797078,-30.0263293,47
9f45f9bc-e2be-4d9c-80f2-6165fc005b23,10:06:19.000,2LAXX1C8XAK844292,-8.3624629,41.4808684,95
6f204e80-59f1-4aac-af8a-5a7c7c7db917,1:33:39.000,2LAXX1C8XAK844292,-2.1401139,5.4373199,65
e8606276-6847-4675-855e-abf903ac8d96,11:08:22.000,5FTEX1MAXAK844295,30.8728615,30.6066166,56
1c1b528f-249d-4c72-bec4-833314fb950d,2:01:44.000,1FTEX1C8XAK855191,-8.4628586,41.3216465,19
72bee6dc-be48-464e-b80a-0bd7097f9702,11:18:40.000,2LAXX1C8XAK844292,-84.5511177,42.7282811,30
461591a0-3e65-4720-aa62-b614a36760b5,22:06:49.000,4FTEX4944AK844294,12.5444055,55.6780762,78
6536f645-b922-4a20-80e1-a14fdb65689c,1:51:13.000,4FTEX4944AK844294,126.582834,43.87437,93
e89acade-3cb3-404a-9c7e-5b610288208d,18:28:07.000,3FTEX1G5XAK844393,112.255583,30.311056,19
2dca1f30-8fee-42a8-b749-473a7b4aee2f,17:04:18.000,5FTEX1MAXAK844295,113.39277,22.517585,79
5c249a54-c5e7-42e2-9e77-1f47ab707507,11:39:06.000,2LAXX1C8XAK844292,107.2930419,-6.9861815,88
1cab0108-c343-46e8-a3dd-83c59464e1ce,6:41:12.000,1FTEX1C8XAK855191,-89.8655563,35.1341835,92
3c06786d-5a26-4d53-acc8-f480366ee092,2:05:52.000,1FTEX1C8XAK855191,79.9984162,6.8217061,84
c790b3ee-2463-454d-94b0-22a2af456105,4:33:29.000,1FTEX1C8XAK855191,5.8978018,43.4945737,86
e3c88e67-152c-437d-adeb-4f7dd23adc99,2:28:49.000,1FTEX1C8XAK855191,45.5416034,58.3669548,90
b7c4b4c4-43a5-4c95-9e7a-97a6f3255a4b,9:31:14.000,5FTEX1MAXAK844295,35.69999,31.18248,61
e3c785fa-94a4-4c90-a7b6-99d5ada77bbb,20:56:22.000,4FTEX4944AK844294,-63.1973233,-19.7809492,40
434764d9-bf4e-4aa2-afc4-fee109b3ba3c,5:35:56.000,4FTEX4944AK844294,-8.5110798,40.2365225,93
5475c112-5728-4684-bed4-9c88e15f496c,5:08:52.000,2LAXX1C8XAK844292,23.9783441,38.0435902,97
ec039a71-11b6-4ebb-8185-44e3ca7cb40d,1:22:39.000,2LAXX1C8XAK844292,-100.4370375,31.4637723,81
b70161b0-1c3c-41c9-9e7d-735ac5be7581,12:10:21.000,2LAXX1C8XAK844292,103.796167,25.489999,60
a23435bc-c921-46f9-a512-aa3ee4f5ad90,2:39:01.000,4FTEX4944AK844294,121.369038,37.546455,20
b275a7ca-8e57-4a12-b19a-d42d54c0f8a9,10:29:21.000,2LAXX1C8XAK844292,-100.2596935,25.6775595,29
53ae40f4-0bd5-46ca-b67b-c1d79744fdd1,21:19:26.000,1FTEX1C8XAK855191,108.114202,27.775888,57
7605f64c-cba1-48ee-94a2-deb2a0b2cfb7,21:28:38.000,1FTEX1C8XAK855191,-60.6991676,-32.9695027,81
2a6d47a4-8987-4851-9976-3096082c3fdf,5:01:40.000,5FTEX1MAXAK844295,122.207215,29.985295,11
f213aaa9-772f-45cb-8984-eec8dfc781c8,12:06:27.000,1FTEX1C8XAK855191,-71.4438761,-15.3471443,16
8a2b4750-6373-4318-8a9e-ba20c3dc0a6a,19:54:25.000,4FTEX4944AK844294,121.293544,31.207751,91
c263cb13-5b68-464f-8604-f608790289eb,15:41:38.000,1FTEX1C8XAK855191,120.9644288,14.7572292,88
ccb2ce45-194e-41ab-afe1-7e2af6793c9d,10:34:56.000,5FTEX1MAXAK844295,119.3221307,-9.5994215,5
cc3ec378-b3f6-426d-b463-29754819825b,5:33:15.000,1FTEX1C8XAK855191,114.7766667,25.8516667,71
ba5a5fb5-da54-4268-92d6-04cd9757f906,5:08:19.000,5FTEX1MAXAK844295,19.0018119,50.3257904,45
4588af9a-598c-4296-b5eb-cbf3105dfc50,18:36:43.000,4FTEX4944AK844294,10.116667,37.066667,80
ef25b7bd-ba0e-4f18-8671-8fabd2851ddd,15:59:21.000,2LAXX1C8XAK844292,52.0111855,55.3605576,22
541bae41-5637-469e-8774-7c8523f86d72,3:25:51.000,5FTEX1MAXAK844295,34.2824429,10.5534497,56
aee682a0-e4f5-4943-ac1c-77048575014a,21:56:37.000,4FTEX4944AK844294,18.67843,59.6794853,41
deedf3a0-7f8c-4323-9d58-ca366163fe7b,11:03:46.000,5FTEX1MAXAK844295,111.6556388,-7.5450262,29
33b60bda-5655-40e2-ac0f-6338016f2f1f,19:55:22.000,5FTEX1MAXAK844295,106.8449298,-6.2000052,45
37434631-28ad-4e33-92c3-977f7ede0e39,19:24:20.000,4FTEX4944AK844294,-74.17,40.74,14
b6cfc789-0f28-4c33-9131-a2661c5e1bb8,4:00:40.000,1FTEX1C8XAK855191,111.5796218,-7.1467435,67
1a45fa94-8898-41d2-a5a7-9189142497d4,12:09:08.000,3FTEX1G5XAK844393,-75.412672,10.334638,1
a1ebc193-cbbe-4fac-976f-680d4cbc49f8,16:14:54.000,4FTEX4944AK844294,106.702825,-6.5312892,55
edb51e53-127a-4def-85e7-edae3c5f13af,13:31:04.000,4FTEX4944AK844294,-121.45,38.6,98
dca5b50d-b5a8-4bd3-8410-05429acc124a,18:12:23.000,1FTEX1C8XAK855191,15.38742,46.218184,27
bfc6a97d-39d9-4e6c-8a2a-d9abff7be002,20:05:57.000,1FTEX1C8XAK855191,103.3587288,-3.8008893,5
a83ecc48-3196-40b9-bee7-bbd8f4b21001,19:03:49.000,5FTEX1MAXAK844295,112.8343844,-8.0515728,67
fb6f0e7b-8184-4d33-b675-0a4b1652d10f,8:11:39.000,3FTEX1G5XAK844393,117.081971,38.78918,12
2d403081-7d05-4eb6-abb1-f68673578b32,6:17:25.000,3FTEX1G5XAK844393,114.671935,37.120983,44
5056f88b-29fe-40aa-a190-24002ae0d591,10:22:37.000,2LAXX1C8XAK844292,-7.845845,40.4579077,100
c7cc2320-bdc5-480e-b57c-749aff3cf738,4:37:45.000,5FTEX1MAXAK844295,-55.0879338,-25.7917136,98
b3f991f9-b3f2-4d79-9e1e-23c66c5715f0,0:56:52.000,5FTEX1MAXAK844295,16.0130577,49.3560885,34
f46f89ff-adbe-411d-8c83-20d72e7dd2ac,7:38:15.000,3FTEX1G5XAK844393,-75.781831,5.242598,31
d2a7321d-1e75-4277-a014-ad13bb9dbad3,11:42:10.000,3FTEX1G5XAK844393,120.972283,13.874099,94
9267410b-1e5f-4142-9c72-27f21f8a6947,6:22:48.000,4FTEX4944AK844294,124.105576,9.600306,69
c6c06b89-2f7f-424a-acd1-0b762cebb140,15:00:48.000,1FTEX1C8XAK855191,114.1543243,30.3414125,41
5f33bc44-b18e-4370-a3d7-3df09ca0df97,17:58:56.000,5FTEX1MAXAK844295,-88.9856574,13.8354819,90
b511cbda-5d7b-4a43-837b-ed4e3779ea2c,10:57:11.000,2LAXX1C8XAK844292,119.141473,28.074649,48
c6bcc630-0ad0-4e37-b679-1901dd2776d9,12:39:24.000,2LAXX1C8XAK844292,113.0762954,-8.0433348,79
bff7a269-407d-4226-8477-6a11ab147d8f,7:04:14.000,5FTEX1MAXAK844295,-90.4537748,14.7833743,19
b9f05e3f-7778-4fc5-a6e0-1304780fa5dd,18:47:38.000,3FTEX1G5XAK844393,12.1079009,57.5788645,77
3f3e673f-33fa-4405-8853-5cae6ccd8dc3,12:32:10.000,4FTEX4944AK844294,-72.7038047,41.7721061,49
9c2d40b2-fb2b-462c-ac2b-063339a1da82,22:48:41.000,1FTEX1C8XAK855191,-76.0623979,4.2886233,56
95864f74-d53b-48e1-ac2f-4e24215507ba,21:24:16.000,2LAXX1C8XAK844292,44.1646857,44.7800716,40
b9d100d1-22e5-4cb9-bfb7-8591af06ab82,15:05:25.000,1FTEX1C8XAK855191,119.8145,-9.5663,7
a648d7a4-6548-4ed9-89aa-2cbe9d71d58e,3:36:16.000,3FTEX1G5XAK844393,24.6800199,48.9582445,83
a8a1d313-2a1b-4bf6-97ba-74e8396ea7a1,10:17:10.000,4FTEX4944AK844294,110.808679,19.789147,85
be18129c-51d4-4933-aa3f-0b63c409fed7,7:58:31.000,4FTEX4944AK844294,-4.4012575,54.2195351,74
21c0629a-f3d0-4890-ae25-5f5db7e6182d,22:05:33.000,1FTEX1C8XAK855191,16.6393299,49.4104,21
f41daaaf-bfae-4163-9b34-5de2ddf5b3d8,21:17:01.000,5FTEX1MAXAK844295,123.6933,-9.8415,9
8ad6ec88-f86a-49cd-8990-f2aeee5d3e69,16:52:46.000,2LAXX1C8XAK844292,58.1242712,52.9850842,73
c5924a83-5cb1-4d7d-b4e8-1c0058ac912e,0:31:18.000,3FTEX1G5XAK844393,107.9968408,-7.3619457,67
eab4de9a-1307-4b08-97ae-116359291b61,21:14:26.000,2LAXX1C8XAK844292,113.3423334,23.1639193,14
8fe91190-34bd-44a8-b2fd-f6ff99178801,19:31:10.000,5FTEX1MAXAK844295,113.6621236,-8.1189113,79
67a47495-4ac8-487a-836a-d19186bb3891,13:25:21.000,5FTEX1MAXAK844295,111.1056539,-7.4417327,3
a04548bd-865d-4399-b96c-f9947b08d762,8:13:56.000,4FTEX4944AK844294,-111.92,33.47,88
7c201489-73d0-4f57-90e7-8c4ce33a7e1f,11:00:39.000,2LAXX1C8XAK844292,124.582546,43.960744,17
b5621911-3479-492a-9462-181da894032c,12:14:03.000,3FTEX1G5XAK844393,-37.4894776,-11.0646689,30
9ffc936f-dec7-42ed-af2c-ceabc4ef501e,2:23:39.000,1FTEX1C8XAK855191,21.1114939,64.8962892,63
8bd31684-9743-4468-9ba7-8b12fd1eec61,12:34:16.000,3FTEX1G5XAK844393,-16.6703963,13.4794397,3
e1340c13-26cd-4d54-be94-7959c99e8d15,17:52:38.000,3FTEX1G5XAK844393,17.6300093,59.8509005,27
77f6e107-c13c-4f72-bc48-9994c61a5f70,1:34:47.000,1FTEX1C8XAK855191,106.3786028,-6.5619262,76
097453b9-c7b0-4920-8036-d1d48f9df6ec,4:42:13.000,2LAXX1C8XAK844292,-93.1277854,44.7984858,7
1edfe448-aeb7-444d-8d34-e703a0297c24,6:22:06.000,3FTEX1G5XAK844393,10.1815316,36.8064948,90
92dda901-1db5-40e7-aae4-64f6b5c8c83d,19:40:25.000,5FTEX1MAXAK844295,5.9799297,50.9168212,52
0f6f6131-c44d-493a-b8ad-8aa7e1773e41,10:06:26.000,4FTEX4944AK844294,-75.2435307,20.5800358,44
a3a507bc-3adf-4c5c-b06d-814d45dcfe70,18:20:50.000,3FTEX1G5XAK844393,-96.6157192,40.8247318,59
5c1bdf80-1212-4e25-bca8-b3df30cdeccb,2:08:54.000,5FTEX1MAXAK844295,5.9938487,52.2313764,31
2b3e6160-85b5-4630-a766-5a7fcbd53f99,22:22:22.000,1FTEX1C8XAK855191,-36.2196853,-10.0519585,82
a55db847-96a5-4c50-af00-4fd72e9b55d4,20:17:25.000,2LAXX1C8XAK844292,35.5011298,9.4934042,20
e1c33555-e977-4621-a72a-ad453debbbbd,16:56:48.000,2LAXX1C8XAK844292,113.296467,22.2092,80
38310f89-de94-4d45-bd41-cd43a5c2ba46,5:13:58.000,3FTEX1G5XAK844393,95.5066242,18.4931618,93
09aeb2b6-3b63-4b30-afa7-ea142649439b,17:52:13.000,2LAXX1C8XAK844292,123.2904615,9.3420526,94
6b9e98de-42e0-40f3-a918-64869097b7cd,8:35:38.000,5FTEX1MAXAK844295,22.64183,41.441441,65
91529fca-57dd-43ca-9f13-f520e6f8073e,8:34:27.000,3FTEX1G5XAK844393,6.0198003,49.7713426,14
e84cdc8f-4255-48fa-be61-3c06bf710ec3,7:37:17.000,3FTEX1G5XAK844393,-1.7555399,48.1779574,77
6f417e03-641b-49f3-b83d-fd6631c6846a,11:33:34.000,4FTEX4944AK844294,119.91921,32.032744,18
4846d72f-0f10-4f1f-b2af-5c3aca469593,7:54:59.000,2LAXX1C8XAK844292,106.9057439,47.8863988,23
d12dbc4a-0203-46e4-98df-5c7eafd581c3,20:09:47.000,1FTEX1C8XAK855191,39.0632827,50.8548419,40
0bdc29a1-f195-4322-b53b-8afe21692a52,22:57:08.000,5FTEX1MAXAK844295,-73.327532,7.639571,54
3dab0fd3-63e7-4205-aa56-e624cdd9053e,11:19:44.000,2LAXX1C8XAK844292,-79.98,40.44,89
234fe094-d61c-43d5-b8c8-697061b737a4,10:45:12.000,4FTEX4944AK844294,106.7519376,-6.766187,91
85ccc5c9-dfad-4d15-8abf-809c637beef2,5:12:56.000,1FTEX1C8XAK855191,-80.04928,40.5053499,52
cdf774d0-bf34-4daa-b255-63e96ec7cf06,19:22:21.000,3FTEX1G5XAK844393,-4.976654,6.4687099,36
0a947c74-d00e-4f86-a411-13019b3a5d45,7:44:08.000,4FTEX4944AK844294,-25.146173,37.828804,76
aab148de-0953-435f-af64-b8c86bfba61a,14:54:56.000,4FTEX4944AK844294,25.0182231,35.2970392,32
deee7520-1ab1-4a93-aad4-32769593ecb4,5:30:02.000,1FTEX1C8XAK855191,18.8818902,45.3098715,26
6a7f0297-3b89-4bce-bff6-e4c3b7ff299e,3:04:12.000,3FTEX1G5XAK844393,36.12323,34.92715,5
d4170fe3-76b7-4f64-9105-f6df18687438,18:03:12.000,1FTEX1C8XAK855191,20.4360031,49.5570923,24
3b1ac64a-4332-4ae6-b1bc-c66d7760c2e1,15:54:05.000,2LAXX1C8XAK844292,106.0287512,12.4896877,94
7793dd0a-004a-4e93-875f-4868bf8af7f8,2:26:47.000,2LAXX1C8XAK844292,6.893632,52.2254703,43
fbb71e41-4c51-470a-8e84-a7130f3aa7ce,2:09:39.000,2LAXX1C8XAK844292,102.6336894,16.7621977,3
df00e81c-d36a-42cb-8983-9294782a8293,16:23:32.000,2LAXX1C8XAK844292,-9.2065507,38.8892896,78
4eb82b56-38af-4571-946b-bf1e379840c7,18:19:54.000,5FTEX1MAXAK844295,61.4210476,56.9713872,18
b53f5670-2bc3-49de-99be-04c6128dd6c4,6:17:43.000,1FTEX1C8XAK855191,-92.06,30.17,43
100a5538-482b-49ec-ab7e-8773efe52f12,9:53:09.000,2LAXX1C8XAK844292,112.5677183,-6.9957759,0
107a924f-1bdd-4684-b1d6-9be46e03d8e9,17:16:33.000,3FTEX1G5XAK844393,119.64328,41.403128,9
f5075bde-4cbe-42f8-a894-0067e3965059,13:17:58.000,2LAXX1C8XAK844292,116.694183,30.124428,99
a8074334-00b0-47aa-bd80-3501e5a0b874,16:46:17.000,3FTEX1G5XAK844393,111.3694594,-6.7290837,84
cbf917b4-cef9-4c8b-93ed-a0d23ad9da5e,2:51:21.000,1FTEX1C8XAK855191,110.637506,29.020827,92
f788110b-0dc5-48fe-bc36-590ba896c959,17:13:30.000,2LAXX1C8XAK844292,32.6333973,-20.1914261,45
d7ee1497-82df-4f38-b61c-228655c21b45,19:03:24.000,1FTEX1C8XAK855191,22.7376381,60.584008,15
d70e265b-af2c-4c33-ad34-b65879d9105d,22:03:25.000,3FTEX1G5XAK844393,-61.1984811,-11.6723638,25
22dd8acf-f681-469d-9ab6-5d51f3db6db5,9:32:18.000,2LAXX1C8XAK844292,59.8241142,58.6247472,87
cce446c6-2e01-4e16-b054-d771af24c2b6,16:06:45.000,1FTEX1C8XAK855191,-72.6757236,19.6677746,91
c9352649-cd80-4486-b888-903c5443ef28,14:37:21.000,5FTEX1MAXAK844295,105.7751383,34.5750415,47
c580a9c5-d0a6-401b-9948-6b8409f88441,8:43:52.000,4FTEX4944AK844294,40.3241759,21.0744245,20
10059ab0-c719-4dad-a17c-cfa53591e556,13:54:45.000,5FTEX1MAXAK844295,38.2031762,10.4477737,54
dd224a59-d66f-4532-b08c-040ece40f377,3:30:16.000,1FTEX1C8XAK855191,35.2037641,33.2704888,62
f11b0621-0d7f-4b50-810b-91c5f3d6673c,19:12:53.000,5FTEX1MAXAK844295,109.5766953,-7.6044275,13
66823f7f-8e3f-4ec6-93d5-2b5ac179586d,9:15:00.000,3FTEX1G5XAK844393,-8.7151173,39.6632753,83
7f78b5b5-d342-4b0e-bae1-651793afdb1e,9:11:26.000,3FTEX1G5XAK844393,-75.2537397,39.9759847,31
0d67a3e2-5da7-479b-bf48-5ac3e021bfdf,8:32:42.000,2LAXX1C8XAK844292,-77.072933,1.683061,1
de64f7f9-6f03-47fc-a145-1460084785f6,23:02:58.000,5FTEX1MAXAK844295,130.4103077,32.5539412,71
24896a25-c661-4b14-8840-ef80513b5d9f,13:36:14.000,1FTEX1C8XAK855191,122.3630092,11.7129451,46
3ea3a3c1-dc44-445e-ae62-ff9120fcf51c,16:23:35.000,5FTEX1MAXAK844295,25.744289,56.1597379,30
666fcdb0-d446-44a4-9ade-6fc971b35852,5:41:33.000,1FTEX1C8XAK855191,-73.8134978,45.6628665,91
0b0e401e-3e87-4f95-b066-683a8389339c,23:55:25.000,3FTEX1G5XAK844393,121.0348405,14.6099284,27
f9d3ab69-0b70-4f44-b8a2-a6877e7166d3,7:45:30.000,2LAXX1C8XAK844292,7.3507066,47.7489727,59
b0ab68a4-c0c2-4ff4-8ed6-23e94ce4ec7f,5:20:11.000,4FTEX4944AK844294,19.8753308,41.3337534,9
aab2e423-5ff0-41a6-84c6-7a2a3123b696,12:37:32.000,3FTEX1G5XAK844393,121.474042,30.917795,15
3d8c057a-b6b9-483a-abf6-5737079c2da1,21:49:00.000,2LAXX1C8XAK844292,109.0185719,-7.6772147,33
c50d92f5-63e8-4afe-b04b-276e15ad5ed3,20:09:48.000,1FTEX1C8XAK855191,108.6759,-7.3887,97
b4945500-7f9c-4d5f-a110-7841d38eed7c,12:48:02.000,5FTEX1MAXAK844295,71.7511913,30.6847903,33
a4d720ed-9df4-4dfc-b233-ae7574590e00,10:14:03.000,2LAXX1C8XAK844292,113.173487,27.855928,0
ffcc92bb-36e8-45cb-a95e-860420f70148,9:17:25.000,4FTEX4944AK844294,-6.3506335,53.2911347,26
d5e5dac8-1b6e-440c-a5c3-7d161f1961aa,19:51:14.000,3FTEX1G5XAK844393,101.7178316,3.1523104,45
0e7c60aa-8287-4354-9cd6-c9f715348bc7,6:46:02.000,5FTEX1MAXAK844295,31.3181252,30.1253988,21
abf051bd-7ff4-4604-8c47-e5c9717ba12f,4:47:38.000,5FTEX1MAXAK844295,-41.0394028,-3.2575968,45
72202863-5e3a-43cb-8d42-50574618957b,23:28:45.000,4FTEX4944AK844294,-89.4810715,48.1735351,94
0da3d23a-a9d7-4496-a48b-acd378423375,23:45:05.000,3FTEX1G5XAK844393,18.9067921,50.1674668,20
e9d72509-7ffd-47b1-ae97-143994cdc6bf,10:51:34.000,1FTEX1C8XAK855191,68.0477509,36.1560347,83
627b5891-6429-410f-8842-f1fe57aee8d7,20:25:41.000,1FTEX1C8XAK855191,86.145298,41.764115,58
6f25fa6f-112d-47a3-850e-0ce23999c2ca,0:07:22.000,1FTEX1C8XAK855191,112.758414,-7.272379,29
5921b720-6e29-47ab-b5f2-9ba164144fb5,1:37:35.000,3FTEX1G5XAK844393,97.8739419,23.9827596,91
cc8c583c-52a6-42dd-be9f-7b2bdf2d7de9,17:23:41.000,5FTEX1MAXAK844295,37.5577219,56.7679359,10
bec60ed2-21b4-46d1-8b2d-f95a6e6a02e1,1:02:57.000,1FTEX1C8XAK855191,129.696957,44.691336,9
b3926525-0748-4ad3-aee6-cb8210cca396,1:27:01.000,4FTEX4944AK844294,21.4727058,61.1066573,98
a867c1bb-806a-4214-a185-0646f235bed0,13:05:45.000,1FTEX1C8XAK855191,-48.7043878,-18.5938307,98
a3c21dc0-e20e-4f9c-83fa-6ec215e62af5,5:34:46.000,1FTEX1C8XAK855191,65.5826679,39.0427392,24
b7e46e43-a09e-4880-933a-330feba8af7d,3:03:04.000,4FTEX4944AK844294,119.296482,26.074478,56
9ce37e81-bbce-463c-b1ab-cdcd72b39c9a,17:48:16.000,4FTEX4944AK844294,28.8253483,46.0573473,13
16f1f519-12d3-477c-b376-6e4766a8914c,10:54:30.000,5FTEX1MAXAK844295,14.7209457,49.2275285,49
49f43f03-fb9b-49b0-90cc-bf28f99ed82d,6:32:09.000,5FTEX1MAXAK844295,123.41496,13.420533,33
2f30e4cc-c38c-4594-9b31-8e7c92d1fc3d,20:52:20.000,3FTEX1G5XAK844393,-84.762933,9.97788,0
17fb6660-7902-4ae6-ae3b-c3d466a4a912,5:26:23.000,4FTEX4944AK844294,35.2572553,51.6553959,19
ec0ae2e1-8021-4025-9efc-f5dd3e569085,12:08:02.000,5FTEX1MAXAK844295,105.981739,22.4201574,60
76bdb6e7-e8b7-45db-8fb7-cd68de0dfe12,19:58:20.000,4FTEX4944AK844294,14.8924044,53.1460852,54
f78b292a-d280-4e0a-9ecf-39dba7bc0a7e,6:01:42.000,2LAXX1C8XAK844292,51.014934,36.7498896,86
4abee9f6-254c-40ac-87c5-a646736748a7,21:36:11.000,2LAXX1C8XAK844292,120.9428391,14.2352143,11
3d248c12-20c9-429d-8841-2bf3354f195c,7:03:13.000,1FTEX1C8XAK855191,99.634135,0.2213005,36
f18c1aaa-f5f3-4aaa-a5ef-8a21a44b4358,10:13:29.000,4FTEX4944AK844294,101.766228,36.650038,2
79a966a0-762a-4d4d-a0bc-fdb95cfdd9df,3:53:34.000,1FTEX1C8XAK855191,-0.6297654,45.106849,97
d4f1181e-2877-46c9-badd-8f5705ba9f4b,6:04:57.000,3FTEX1G5XAK844393,121.0959448,14.6031411,10
b5581816-9bf8-4d15-8a96-cefd2eb11a0f,13:32:41.000,1FTEX1C8XAK855191,119.523266,25.962888,29
e51d0e8a-9be1-462b-9eec-d090e72ebfe1,8:22:16.000,1FTEX1C8XAK855191,110.3998007,-7.0416627,17
12ccda78-7339-412e-9c93-46e30b895c28,11:49:12.000,3FTEX1G5XAK844393,112.3158945,-8.1377539,46
9b8ecd39-19ad-41a1-97eb-4dad7accad8f,2:51:49.000,2LAXX1C8XAK844292,20.743101,42.4838334,83
567d03d6-1874-4cc8-8a49-1e59b0af68a4,22:38:31.000,4FTEX4944AK844294,-77.8524505,-8.2660783,65
d7a38725-a42f-4847-ac2f-01d381579f56,4:32:31.000,5FTEX1MAXAK844295,120.3197132,63.4435884,88
22d29830-7d11-4754-8b9b-186ca951f762,2:40:47.000,4FTEX4944AK844294,37.4008401,55.9100899,12
c37f1ffe-450d-4633-91c2-69aadbb623fd,8:37:21.000,2LAXX1C8XAK844292,119.1158017,-3.0412633,100
f012b606-499a-4a09-845f-020eabccb739,21:11:26.000,1FTEX1C8XAK855191,110.401814,18.714928,12
d3a5158d-de95-408c-8a15-d5b4946a615e,14:14:03.000,5FTEX1MAXAK844295,16.6408689,49.4390256,7
e5260dbc-f0b4-4002-bcdd-c06c23f6d3a3,9:38:50.000,2LAXX1C8XAK844292,-9.1695689,39.3458414,38
19788f38-7122-4651-856d-0fb05de647a2,16:28:42.000,4FTEX4944AK844294,-73.1149469,-40.5761897,72
0422cb49-76b9-456b-a22b-3c6daa01e35a,9:00:12.000,1FTEX1C8XAK855191,39.3745033,47.082485,75
c7d161b0-873a-4777-b4bb-3c1ac7e1da25,23:30:14.000,1FTEX1C8XAK855191,19.7289065,50.0398933,87
78ba8f78-9104-43ab-817d-5c0dbd707056,17:33:59.000,5FTEX1MAXAK844295,70.37247,34.28665,95
0a8ad8a0-f728-4d6f-8f19-03c81001e44c,9:38:12.000,2LAXX1C8XAK844292,113.696298,30.777355,0
12865e86-55c7-4bd0-9ca6-be596552f8dc,11:06:03.000,1FTEX1C8XAK855191,110.3562018,-7.7798092,14
e61b9bf1-7788-4311-811e-448f8b7f87b9,17:06:34.000,5FTEX1MAXAK844295,35.6599267,33.8088596,0
0bed5bce-bf31-4860-8ff0-639562ff7ba6,1:34:34.000,3FTEX1G5XAK844393,-117.693138,33.5177039,9
1054dffe-0b42-4357-8eba-4cfac512b4c8,0:23:59.000,4FTEX4944AK844294,32.9705266,34.9407863,5
37699515-f577-43d6-aed2-cf1c0911c6b3,16:41:41.000,5FTEX1MAXAK844295,24.5221952,48.8334498,15
5c25590e-057f-44cf-a01e-d4d4a83c94d3,6:33:06.000,1FTEX1C8XAK855191,112.7420274,-7.3198199,52
95e00d27-3dcd-44ea-b078-49a9b958b2ce,12:44:18.000,5FTEX1MAXAK844295,121.0441201,14.4712676,55
b53729e9-038b-43d3-96ce-3381ff287fcb,3:51:35.000,2LAXX1C8XAK844292,35.9407539,49.9511113,82
a758904e-2e69-4c5f-853a-d582ef48e309,13:57:20.000,3FTEX1G5XAK844393,-73.2516326,-3.7436735,30
1911b5d0-95d1-421b-804d-cc2e58ecc90a,6:37:28.000,1FTEX1C8XAK855191,67.70846,30.74774,77
ea3e3258-2456-49f2-a2dd-a6f81c2a3d7a,10:41:31.000,5FTEX1MAXAK844295,-106.66792,52.28339,6
aa52cf95-172c-4d3e-a9a3-98279a6a6a3f,14:49:35.000,2LAXX1C8XAK844292,-89.352441,14.563755,5
e3761976-0b23-4c18-9556-cb053dfaa8f3,23:19:43.000,4FTEX4944AK844294,110.084789,34.477861,15
ab8efde0-2f2c-45d3-8373-318da899fc1f,13:15:23.000,5FTEX1MAXAK844295,-36.9111057,-6.9078713,16
0512c90a-f857-497e-8bae-588461e1579b,4:43:24.000,2LAXX1C8XAK844292,65.5544515,44.7735327,43
ca802f45-2fc9-4fa2-ba16-d10cf4ae0f0f,20:03:56.000,1FTEX1C8XAK855191,4.7987938,45.7782243,16
b21d5f3e-245d-47e9-b774-782bb88bbfea,13:30:42.000,3FTEX1G5XAK844393,-0.2717072,48.3606958,90
384f6ac8-23ea-4ec3-b54a-0b9c295a3019,11:01:19.000,1FTEX1C8XAK855191,32.4624195,57.6437016,35
73a1b400-021e-4abd-b449-8cc3230f871f,2:05:58.000,2LAXX1C8XAK844292,89.939332,43.897258,69
f8a0ff54-ba11-4249-85f3-b7b825eefb43,20:58:47.000,4FTEX4944AK844294,-57.2875097,-25.5657319,69
d73c615f-b11c-4c90-ab22-dfd099d14ecb,10:31:52.000,4FTEX4944AK844294,-70.073769,10.1814384,87
a15b5103-5911-4be8-94ca-5a1177618e20,3:03:51.000,5FTEX1MAXAK844295,39.0632827,50.8548419,49
29d946da-3939-41e3-96f2-59c2886bd1eb,2:48:23.000,4FTEX4944AK844294,114.250474,38.56077,1
5a95007e-e99a-47cf-89fc-7705453688e0,15:22:16.000,5FTEX1MAXAK844295,127.3416,34.8475775,3
d5a76d5d-8b5b-4ede-82cd-10d0ee66e256,18:03:17.000,3FTEX1G5XAK844393,98.1120116,2.298952,10
a16517b9-1721-4023-b51b-2649618de477,14:52:35.000,1FTEX1C8XAK855191,38.9102,51.6083,35
cbc57b47-7494-4ad6-940b-d6e8fe386cfe,20:42:08.000,2LAXX1C8XAK844292,-66.7248247,10.1794092,92
fc669c7f-81a8-42ca-9eae-882fedb23c1a,9:34:29.000,5FTEX1MAXAK844295,59.8921899,56.8858071,56
536673d9-fb9e-432f-9ed0-df2530530081,21:25:33.000,4FTEX4944AK844294,59.129251,56.4428126,29
c662cd67-1f7f-4f2d-bc76-3ed35779d9f5,3:59:17.000,1FTEX1C8XAK855191,-65.0306302,-42.7700601,34
4d971895-468a-4551-8a89-60088a14da9f,14:21:29.000,3FTEX1G5XAK844393,-72.2307798,-39.2820124,21
747fa7bc-23bf-4be1-b6a0-59b3db9c8b27,5:39:15.000,4FTEX4944AK844294,35.778497,-4.0003104,16
54d1c9b5-810c-4ffa-bba9-55e9921d28a4,23:53:55.000,3FTEX1G5XAK844393,120.942358,14.4066158,8
58707625-8e31-4d67-910a-826c61b96024,16:32:58.000,2LAXX1C8XAK844292,120.9522977,13.9300945,3
c658537c-e06c-4772-a1f0-5f68234736b2,22:18:19.000,5FTEX1MAXAK844295,140.3798031,37.3916313,7
c3d48755-7b55-409a-891b-bf06feeea151,6:48:49.000,3FTEX1G5XAK844393,43.765332,40.2980046,79
304d05f3-18a2-4428-b29b-cbe5fe5df86d,17:47:48.000,1FTEX1C8XAK855191,39.6438647,45.1888273,68
53b80e45-869e-4ff5-8909-8dbdbec964be,15:14:43.000,5FTEX1MAXAK844295,111.595,-6.9399,57
488162cb-438c-41f1-85d7-c8cee1430e3b,21:31:50.000,1FTEX1C8XAK855191,-70.1331038,-17.3542865,55
692f1dfa-023b-4bd4-bb03-27d48ac4dced,9:08:43.000,4FTEX4944AK844294,20.449178,50.4897179,42
957626ee-8744-42f6-9fb1-6a4b9b51d1e1,11:30:21.000,1FTEX1C8XAK855191,-79.177041,37.3510878,34
969b560a-2d2c-4e6d-aa84-d359e8652767,8:06:37.000,2LAXX1C8XAK844292,16.3467929,49.6284572,66
aca99c51-de0a-41f8-beba-db6447a692be,10:57:55.000,4FTEX4944AK844294,17.967939,59.2954052,75
a9f6e8d0-3660-4485-854c-77332362b1da,16:54:13.000,4FTEX4944AK844294,15.097319,51.2445632,49
7ebe8adc-2630-4647-a256-b6fe8c3b29ac,17:33:03.000,1FTEX1C8XAK855191,44.4181786,24.5167005,25
a53882c1-0670-4719-a4f7-352919ed6f36,3:45:05.000,2LAXX1C8XAK844292,-3.8254599,43.4590202,59
11ca955f-621a-4a48-80d8-6d4ee48f8c75,9:42:02.000,2LAXX1C8XAK844292,121.2744,-8.8143,24
b30b5362-89f6-41c3-af8b-65aa78e1d1c2,18:29:15.000,5FTEX1MAXAK844295,122.3066411,10.7179292,45
365a8a5e-97c7-40d5-b2b7-d48a29967b91,23:29:50.000,5FTEX1MAXAK844295,112.3635806,-6.8892965,84
572d3dc0-288f-406f-a591-2f92a5655d06,6:36:09.000,1FTEX1C8XAK855191,111.4514369,-8.0888877,9
9d09d789-1ff7-4bac-b7e9-f2f45189f19e,20:29:20.000,5FTEX1MAXAK844295,123.9674831,44.275895,30
271414e7-6d51-459d-9f8c-3d815c086203,7:36:50.000,3FTEX1G5XAK844393,35.9533322,35.1852624,47
d269cf5c-057c-47fc-bfb4-0fa666d46415,3:38:10.000,4FTEX4944AK844294,-6.1942058,53.3604483,1
209d610f-b74e-4c1d-81a2-fd057c3dbf94,2:14:21.000,5FTEX1MAXAK844295,-85.0778886,12.2651512,60
45e38cda-44cf-4c53-a10a-9d134db0affa,4:41:18.000,5FTEX1MAXAK844295,18.0367294,59.3778462,72
8ab5cc94-f0fa-45f2-9b2c-c699cba1bc86,16:52:23.000,1FTEX1C8XAK855191,19.6996428,40.941983,40
477bd0e2-7abb-4645-8edb-5b70b074034d,14:39:40.000,3FTEX1G5XAK844393,110.86585,22.851846,87
abbfdc77-b889-416f-b207-7affe09b6831,13:26:02.000,4FTEX4944AK844294,121.0267879,14.739952,13
a7c54641-ad6d-4adb-9203-e2666925d3ba,20:25:21.000,3FTEX1G5XAK844393,-95.5487138,29.8867823,24
9dac4a29-73a6-45e6-96a8-3cc1310ea145,23:21:01.000,2LAXX1C8XAK844292,22.6585778,52.4003253,48
754cf923-08c1-4ca0-b37c-e67249cf3a68,5:04:42.000,5FTEX1MAXAK844295,110.079379,23.394325,17
7ce98ce7-3976-420d-a40d-7f35daba8c23,16:51:58.000,3FTEX1G5XAK844393,16.8819389,49.9535113,2
bd7f56c0-eff6-4c5b-9a0d-095e54cad78a,5:59:55.000,3FTEX1G5XAK844393,-69.911527,18.467605,2
929164ea-6a22-45c7-a0cd-1392ef29d21a,16:19:23.000,1FTEX1C8XAK855191,120.9946341,14.5823299,81
58b339c6-b590-47bd-b984-b3c12f8d2344,6:14:42.000,3FTEX1G5XAK844393,78.5064473,30.2646273,50
fbaf4cbc-1eed-43c7-9608-74ac5287f6aa,21:35:24.000,3FTEX1G5XAK844393,5.2978064,59.412262,5
0b6699f1-4694-4b62-87f8-71b9eebf0416,6:52:03.000,2LAXX1C8XAK844292,-82.5645687,8.8698491,42
1dc6450f-5061-4191-8e18-87769457c472,23:25:53.000,2LAXX1C8XAK844292,-93.4824636,45.0497462,33
fe803758-bb2b-40ae-a23f-743b8d446c26,12:14:57.000,1FTEX1C8XAK855191,119.761775,35.585575,55
63c52464-bbfa-4ea2-9e23-8afff33fb433,17:15:29.000,5FTEX1MAXAK844295,15.9105476,49.9594627,22
1a88d0ab-d2b1-457e-ae0e-56235fec10d7,1:56:23.000,3FTEX1G5XAK844393,29.2402612,46.3039325,36
2db34144-516d-4992-8825-57bd86e9dd95,14:01:00.000,2LAXX1C8XAK844292,100.824707,24.745135,40
af325a82-9a23-4249-8835-a037a2ea9712,6:09:54.000,2LAXX1C8XAK844292,103.925603,1.3105389,55
86b9a622-ccfe-4bd2-b4d0-de22f9effa92,23:29:40.000,2LAXX1C8XAK844292,115.667208,37.039991,17
86745d32-3e0a-428a-8461-ed28bdc54af8,20:05:45.000,1FTEX1C8XAK855191,136.6447089,35.3078775,90
42205f78-272f-42ee-9fdf-742e83adb498,16:40:05.000,4FTEX4944AK844294,19.0896399,51.4633686,33
97a42054-43e0-4eb9-b918-34d2e3f7113b,13:51:21.000,3FTEX1G5XAK844393,-64.6184657,18.4286115,10
b19a52b9-6875-44b0-92eb-b94c485696a4,0:46:31.000,1FTEX1C8XAK855191,119.110257,25.435964,20
3e8358f0-8e23-4283-95f6-4e91580b4c84,4:47:06.000,1FTEX1C8XAK855191,-71.0646337,42.3652917,53
c0d8bec9-dc84-4347-ae0e-1b09fe17263d,2:06:45.000,4FTEX4944AK844294,-87.9610905,17.9213664,79
5c36ce32-4583-4760-86bb-21f3a6238575,4:48:02.000,3FTEX1G5XAK844393,-46.4970116,-21.35188,79
fe4867ee-0aa7-44e2-ad5a-7c96ee5314e9,17:45:47.000,1FTEX1C8XAK855191,28.9654659,47.6949791,46
2a2de661-409a-467e-9d1e-62104b467a48,1:07:03.000,1FTEX1C8XAK855191,120.401159,16.802718,64
137f5ac1-505c-42eb-9c05-ba84fde6e2b5,16:33:02.000,4FTEX4944AK844294,16.1190743,46.004267,32
6e4f51e6-0714-4ba8-a877-aa40b31d4dae,16:53:35.000,1FTEX1C8XAK855191,23.8049715,52.5595501,96
b1889dd6-938b-4a32-b9b2-70fe024da0eb,20:32:37.000,1FTEX1C8XAK855191,104.262851,22.6659838,22
c049228b-bba2-4ec6-baa6-c8f050d36a32,14:05:07.000,4FTEX4944AK844294,105.7581834,26.4168857,60
e2f7f5b6-4d12-4eb1-8fb9-1274d06fd8de,12:54:24.000,3FTEX1G5XAK844393,39.9140414,45.2759652,9
4c39a7ad-61dc-412e-b5fe-7a2687e5a071,20:33:04.000,5FTEX1MAXAK844295,7.907355,7.382808,45
b033785d-55cb-4867-b7d1-5a30d3fa869b,12:06:50.000,1FTEX1C8XAK855191,39.7451425,43.5648626,97
acdafed5-4908-4752-be75-8bc3b8481945,3:56:08.000,5FTEX1MAXAK844295,20.6937448,49.8799472,60
eef7520d-c712-4083-84ba-58b17db540b1,12:58:05.000,3FTEX1G5XAK844393,-16.014091,64.1272315,9
0ec1daa5-07a3-4b44-becb-fb39a64f9f2a,16:05:51.000,3FTEX1G5XAK844393,5.8978018,43.4945737,87
c69c4a1e-ca5e-4926-ae8c-6e1f1e3cfefd,14:03:34.000,2LAXX1C8XAK844292,4.693265,51.7783026,91
07a30395-b601-4ab6-b62f-4916e73dc182,9:59:29.000,5FTEX1MAXAK844295,32.5522304,25.2898918,56
2a1b11ec-bbe0-464a-b289-25a524a096d6,10:22:21.000,3FTEX1G5XAK844393,20.8188133,52.1501483,64
1b8d8575-6b2a-4d46-aeba-33d8f0539670,14:47:06.000,2LAXX1C8XAK844292,-111.66,40.2299999,52
bf782dda-89e6-4b72-84b1-134a885a31a7,7:40:42.000,3FTEX1G5XAK844393,49.3957836,-18.1442811,97
866b060b-f307-4b2c-bc34-bb71221f5f9e,22:03:15.000,5FTEX1MAXAK844295,105.2077798,-4.9942171,99
761de296-4050-4f71-9af9-76b52dfef1c9,7:30:43.000,4FTEX4944AK844294,104.4683,-3.544289,98
32d2c056-ac79-4c3e-a71e-5be44b10182e,11:07:28.000,3FTEX1G5XAK844393,59.6665153,42.1261418,99
a0d8fdba-759d-4920-9a76-df63b84217f3,18:32:22.000,2LAXX1C8XAK844292,127.3416,34.8475775,54
17991c24-e7f3-4c54-9fa1-a80990a7dbdd,1:00:46.000,5FTEX1MAXAK844295,121.0224008,14.5609722,32
c979c3f9-d193-4a2f-8dcf-499ce013bb05,13:28:41.000,5FTEX1MAXAK844295,113.136459,24.304673,81
82840200-daf3-43d9-9199-ed1276ea99d3,4:26:25.000,2LAXX1C8XAK844292,14.8046066,40.7074498,35
23b41fbd-8822-4870-bde1-c33b7ef7f5d9,21:32:53.000,5FTEX1MAXAK844295,-42.0792577,-21.6704167,65
fb94c977-4e60-4082-8c78-c2dd292a9cd0,3:52:22.000,3FTEX1G5XAK844393,-0.4408037,5.5300711,44
ad6e68e0-da8e-456c-b93f-03dc8f8249a4,12:01:45.000,3FTEX1G5XAK844393,104.0769024,-4.5261835,62
c03d1a98-5a66-4c48-b004-9b46fdaade8a,17:16:52.000,3FTEX1G5XAK844393,-73.5829689,4.0416578,38
5d0ed3e0-cc98-409d-80fb-1884c03a4489,2:29:49.000,2LAXX1C8XAK844292,129.2247477,35.8561719,66
da8747d8-2af0-429e-946f-2eaddc97749f,4:36:02.000,4FTEX4944AK844294,24.2955141,-17.4738864,51
f3912ebf-eee0-48a1-849b-565a020fecdb,20:56:27.000,2LAXX1C8XAK844292,124.345531,41.834144,78
96ac985f-5a9c-494e-82c7-d3283d79ff3c,18:17:53.000,3FTEX1G5XAK844393,43.1704696,54.1407588,1
fef5ed4c-f129-4562-9666-c9a743de5449,16:49:53.000,2LAXX1C8XAK844292,15.6049677,56.2620262,34
995f9fa2-fd8f-49c5-bccc-6c16a45b29cb,9:58:25.000,5FTEX1MAXAK844295,56.4607919,24.7242467,47
ee12b805-6a35-410c-9196-fc1c4c6d64b6,21:24:03.000,4FTEX4944AK844294,37.6243984,55.7213148,77
da6ef5df-d69d-4d1f-9614-a012abfb7713,14:31:32.000,2LAXX1C8XAK844292,-9.0097102,39.0536743,74
0e06c1db-5ed9-4659-829b-1b2765387a23,9:20:16.000,3FTEX1G5XAK844393,34.8,-9.016667,97
8a07ae68-958d-427c-b5f4-8c5ab3cd4d78,2:29:47.000,3FTEX1G5XAK844393,-9.6536246,30.511343,32
d5306653-a6fe-43c9-bbd8-f85a4dc38fcb,8:44:57.000,5FTEX1MAXAK844295,115.670177,37.73892,9
2b633dee-f052-4873-91df-62c91c25d565,10:27:17.000,1FTEX1C8XAK855191,31.6967438,31.1713871,38
facfd7dc-955a-45e5-8be2-b3f7abd19c9c,0:58:39.000,5FTEX1MAXAK844295,110.479191,29.117096,76
b96d5b3e-c815-4ee4-891d-0db92a1ff408,16:43:29.000,1FTEX1C8XAK855191,22.1917204,65.5759908,54
41a4731c-b78c-491c-9944-62323dc21478,8:48:02.000,1FTEX1C8XAK855191,71.5901986,37.4882943,28
d3ac8f31-0854-49b0-9821-f48e499b09fd,9:37:29.000,5FTEX1MAXAK844295,19.9917009,52.7374731,63
5988e6da-80b8-4ff4-b628-e5b8a73bd90f,21:50:39.000,5FTEX1MAXAK844295,19.6907882,44.7488612,26
68926f03-5b49-42a5-84da-2dfe3705ba53,8:47:23.000,2LAXX1C8XAK844292,-57.6258993,-37.9707308,87
089db235-01da-4cb4-bd4c-0a2e2cc6d1f2,0:09:52.000,5FTEX1MAXAK844295,107.5253786,-7.0085173,33
7a6f630d-bcce-4b62-95d0-02f906f9fe1c,0:23:04.000,3FTEX1G5XAK844393,-8.3644939,41.8157545,67
928847fa-155b-4589-b27a-166371ca4ae1,7:32:49.000,5FTEX1MAXAK844295,55.958135,25.3148115,93
417871fa-718a-4d51-b8b7-337be12a6443,12:55:29.000,4FTEX4944AK844294,111.6539,-8.1487,45
a5cc186c-9f0b-4af2-b3a1-c16234a3fdf3,22:29:23.000,3FTEX1G5XAK844393,25.498235,51.7550673,13
a92308bf-df85-4092-8e0f-3e684189a143,22:20:26.000,5FTEX1MAXAK844295,-83.274957,10.21883,34
6f400e7b-50e5-4ffb-a36e-8e023453b43a,15:13:10.000,3FTEX1G5XAK844393,-71.6324,45.41675,56
b34de575-29ec-42e6-bb22-35ebea54d852,15:36:49.000,2LAXX1C8XAK844292,-83.0415078,22.7129122,0
6f798e72-894d-4011-8774-79bcc2b24530,21:53:07.000,4FTEX4944AK844294,8.4060268,48.9728482,24
49a25d3d-0ef7-47e8-901d-5d99595b6d87,7:28:06.000,3FTEX1G5XAK844393,123.709249,11.2363822,99
c744d21b-41fb-427f-8ff1-437143c96d5f,17:48:41.000,5FTEX1MAXAK844295,-71.6992231,-15.6627675,31
a5fc86de-8853-489b-9c73-88c02895bbf6,4:17:12.000,2LAXX1C8XAK844292,-76.98273,49.05018,36
0193c178-4ab1-4a7b-9a64-1afe595507d9,11:03:15.000,1FTEX1C8XAK855191,122.9104995,-10.7540132,96
cbe56684-8470-474c-a0cf-8ce2027c0706,1:47:27.000,3FTEX1G5XAK844393,98.5746649,16.7124054,47
627f1671-2542-4b27-8d2f-a8c8fca462dd,2:53:15.000,3FTEX1G5XAK844393,-119.8,36.74,87
9332ce91-1711-4c0a-8e2a-80ef915dffa5,9:10:07.000,2LAXX1C8XAK844292,120.057435,15.187831,17
ef17f5da-53e9-4dc2-8848-54682c780185,1:34:06.000,3FTEX1G5XAK844393,117.323725,34.810487,18
84d2013d-72b5-4f31-8d66-ea82b3ddaf38,18:52:46.000,2LAXX1C8XAK844292,121.0758172,14.7512576,6
bd7785e2-a9d8-44d2-8020-b98adbc46508,3:58:49.000,2LAXX1C8XAK844292,112.590061,-7.400943,55
d837781d-b1d3-40fb-97bf-11dfa0ac85cc,21:19:04.000,1FTEX1C8XAK855191,100.2358502,26.8718026,28
b12125bd-44cf-4b97-ab84-88a72354b717,19:30:29.000,1FTEX1C8XAK855191,113.869235,22.569804,93
204bacd0-d947-4454-9239-d673e1d114d9,0:35:50.000,2LAXX1C8XAK844292,9.6870459,4.6376919,42
adc6b51e-a46d-4e64-ab96-d169305ff291,0:53:42.000,3FTEX1G5XAK844393,113.459749,23.106401,19
532a66aa-739d-4f5f-a48f-68afb017085d,11:15:22.000,2LAXX1C8XAK844292,112.239446,27.375021,25
2e9e866f-fbc2-4b5c-a46b-e1074fa4c7d4,11:42:15.000,2LAXX1C8XAK844292,125.090922,1.657944,70
31260919-7f3b-41b4-b0f0-eeeed734f89c,23:26:35.000,5FTEX1MAXAK844295,119.0109502,-8.5294459,3
116118b1-5900-4cfd-a84b-22bc14c2377f,16:03:41.000,2LAXX1C8XAK844292,112.217855,28.065524,79
23715757-5733-4b32-80b6-ac3261219160,4:27:16.000,5FTEX1MAXAK844295,123.6833344,12.0166664,81
8fd8940c-1f77-49fc-9941-ceb915b0e48f,4:08:37.000,3FTEX1G5XAK844393,123.6886104,13.8811133,16
afe6d250-55e7-499d-a405-0942deb20a21,18:31:28.000,4FTEX4944AK844294,121.7458676,31.0507836,80
7db946f9-ef86-4ae4-a033-8e54374a088d,22:57:25.000,5FTEX1MAXAK844295,120.649341,31.463475,5
a6320257-ce43-4599-bf56-dc2bf6fc44f9,20:32:25.000,4FTEX4944AK844294,123.3026,-8.3628,83
e5a99127-c5af-4b52-bb45-9f2c263ada3e,19:32:25.000,4FTEX4944AK844294,39.023038,45.8404226,52
85081793-14a2-46e4-8ce4-1e9534d27172,16:39:47.000,3FTEX1G5XAK844393,24.7371099,-34.007765,12
a3fbe4d0-6180-41b5-b914-428bbca692df,12:47:48.000,5FTEX1MAXAK844295,118.691608,25.362088,41
f78e63ff-64d2-4bc5-bf1f-2965c37f8586,9:34:29.000,2LAXX1C8XAK844292,109.836669,27.208609,0
5c841bc9-788c-46d8-afd6-875c7f401e67,18:43:39.000,2LAXX1C8XAK844292,39.023038,45.8404226,53
79f3f20c-4d33-4b48-a818-6e6ec7db987e,9:49:58.000,2LAXX1C8XAK844292,-99.6000391,19.2540302,96
32574e4e-41e0-449a-b53d-262e7dfb3458,12:28:33.000,4FTEX4944AK844294,-99.1985584,19.482042,45
8c4519c3-1637-4221-8bb7-847b8315ec5e,1:02:28.000,2LAXX1C8XAK844292,110.5781567,-7.4547836,5
adb7009c-16e8-42eb-848c-77002b671b98,7:55:10.000,5FTEX1MAXAK844295,38.2899306,53.9559626,43
32bdb62f-54c4-422f-b74a-4cb95f0dc93a,18:08:49.000,2LAXX1C8XAK844292,117.554287,35.24069,49
13707277-1e19-4e52-9a23-eafa460cc5ef,21:23:06.000,4FTEX4944AK844294,121.0162168,14.6927715,14
ac2af816-da81-4e68-a2fa-eccdf29adff2,21:56:15.000,3FTEX1G5XAK844393,123.426773,41.773672,97
91ec0d8e-a610-4ff2-a60f-232e23c23f72,13:56:35.000,5FTEX1MAXAK844295,32.8084496,1.6054402,69
fc93bb5e-9fd7-4204-9a8f-1092cfb0d82e,11:09:41.000,1FTEX1C8XAK855191,22.1890872,39.8949802,61
750c7469-6418-4a16-b758-bfda840486ed,13:01:13.000,1FTEX1C8XAK855191,112.90936,-7.15232,33
01934a55-b8f6-4e0d-a7e4-280eb96c2858,8:12:06.000,4FTEX4944AK844294,113.149693,40.005404,74
06517388-a950-4341-9c7a-ef3896e55a70,11:11:03.000,3FTEX1G5XAK844393,9.9101915,2.9405941,54
d6e1d2e8-da67-4307-be5b-1bfaf5f15165,11:05:09.000,5FTEX1MAXAK844295,125.743983,8.47834,75
5e82a3c9-94d5-4ee7-bec5-0b345173127b,16:18:19.000,2LAXX1C8XAK844292,-98.189463,18.855626,17
bbe782ab-aa16-4214-b14f-afc52639b16d,8:06:57.000,5FTEX1MAXAK844295,-74.115187,4.5604389,53
d81ca5ba-a366-4651-835c-d67b65c5ea87,6:26:49.000,1FTEX1C8XAK855191,44.233333,33.85,62
6515f5a5-33f7-49a1-8ab9-648eebf0e269,3:23:44.000,3FTEX1G5XAK844393,115.4945,-8.736,29
8c983d5f-f3cd-4a61-8f06-16564a8a1b12,17:12:22.000,2LAXX1C8XAK844292,-73.8066163,5.6763925,22
f90a1905-a71e-41e0-8a3d-d0db245b377e,18:11:47.000,2LAXX1C8XAK844292,-80.958462,-2.2233633,54
1960ebd7-01bf-477c-944f-26a3accd2143,8:24:23.000,1FTEX1C8XAK855191,107.7843483,-7.0631844,76
03f833fa-86ab-4fdc-92fc-2dbf8de64969,14:08:53.000,2LAXX1C8XAK844292,37.626119,55.813957,85
2be46e65-3200-450f-9284-71a5995a1ead,19:09:31.000,2LAXX1C8XAK844292,103.7893123,27.223071,19
2ca89572-8bce-4434-a350-cfd14e375141,14:23:25.000,5FTEX1MAXAK844295,112.290474,28.188415,56
45632f07-9c28-4959-baec-8b8c43f07444,21:29:11.000,1FTEX1C8XAK855191,113.51997,-7.13386,17
17f824c9-1273-417d-982e-12f8ff65c075,1:35:56.000,2LAXX1C8XAK844292,-72.53209,48.83328,58
4b4f5801-2a0c-470c-93ba-8fc1cbd4e502,21:09:40.000,1FTEX1C8XAK855191,97.4110988,3.1066818,2
e131838e-475f-4faa-9ddc-2dbdef3232a2,0:28:44.000,2LAXX1C8XAK844292,26.44965,42.8867657,78
1d017282-19b9-4fc4-a456-cf6fc7516da6,5:26:15.000,5FTEX1MAXAK844295,0.964671,45.697904,64
2825131f-ddf9-40f5-8df9-fa002f2f6820,1:58:02.000,4FTEX4944AK844294,0.375789,49.757096,29
558bda7e-f1b7-4a76-8eb3-d5d3a14896f7,18:34:02.000,2LAXX1C8XAK844292,123.7396635,13.1789151,84
b5c9d9f2-f012-4d83-b0b7-c8507c91c720,8:34:34.000,2LAXX1C8XAK844292,91.5039207,26.8035682,8
8b514f70-46f3-49de-a3b6-5d7cf01a6deb,0:17:48.000,3FTEX1G5XAK844393,103.757315,31.026394,28
f476a5ae-5894-4b3e-806d-96f1389244ca,6:31:26.000,2LAXX1C8XAK844292,18.946898,53.3800563,22
034ba51a-967c-4b98-86f8-87d2fd8037b1,17:24:10.000,1FTEX1C8XAK855191,87.762163,29.060527,7
3fd71589-b4d0-4bdb-8132-d644724f215a,23:53:45.000,4FTEX4944AK844294,22.5669964,50.6964708,99
18015800-ecfe-44bf-ac04-52893000e8ee,13:59:28.000,2LAXX1C8XAK844292,2.7428365,48.006844,5
8acba369-5a04-4e55-abed-5ebc64aedbeb,7:52:56.000,2LAXX1C8XAK844292,-79.4298653,46.272758,55
49927eca-53b1-4f81-8cce-f7fe2dbdfaf2,0:19:46.000,2LAXX1C8XAK844292,51.1735574,52.803304,35
cd82dbe0-ae92-40d0-8f7a-ed1c3f7f6807,19:56:33.000,1FTEX1C8XAK855191,108.0012723,-6.8742097,51
305f14c2-03a7-46da-b78d-be01bf41b763,16:08:29.000,4FTEX4944AK844294,121.483514,32.107051,19
25ff73d9-c2ed-44d8-bc33-3e1db5b507cb,8:05:41.000,2LAXX1C8XAK844292,-8.2507177,42.0952531,60
0472217d-20b8-47af-9d17-2bec29001c4a,12:29:02.000,5FTEX1MAXAK844295,130.5263203,33.6232699,74
a5d8989e-1573-4a62-8178-e93981e81478,7:40:36.000,3FTEX1G5XAK844393,100.482354,41.234822,19
045e8c8c-4c45-4af3-ad85-29239e5960d1,3:05:44.000,2LAXX1C8XAK844292,34.3039986,31.3462005,62
58509678-d0d2-4bc3-a305-318d77c49050,2:14:48.000,2LAXX1C8XAK844292,41.1342102,51.6269724,2
f90bea2c-5f9a-410a-95fd-72dc43123549,19:59:36.000,5FTEX1MAXAK844295,-72.517319,19.2579,36
ccbbf40a-f4eb-4536-ab94-a14b0aaf5741,19:09:26.000,1FTEX1C8XAK855191,14.224297,56.6444907,50
86cd9186-79c6-4889-a4be-4888ec2e8c38,20:12:35.000,4FTEX4944AK844294,16.9198184,52.995267,50
1dc56241-f08a-4300-b027-e1af802c5368,0:46:53.000,4FTEX4944AK844294,12.577321,57.9675068,43
7fe6bace-329f-4d3b-9896-876d9a032f13,11:40:56.000,4FTEX4944AK844294,137.8244182,34.7294592,94
468afb1f-b8b1-4cb2-9f36-ab178b2bb765,4:01:40.000,4FTEX4944AK844294,113.5371368,-8.2637032,70
614a68ff-51b0-44e9-bb49-681573334d29,12:10:50.000,4FTEX4944AK844294,-72.233418,9.0578504,92
893f90ef-f782-47e0-9c2b-17ccc76e254a,6:58:53.000,1FTEX1C8XAK855191,118.675675,24.874132,99
aab262c1-beb2-4551-8409-28774346add7,1:51:00.000,4FTEX4944AK844294,123.8022922,8.4846735,59
764f3c95-4c55-4b98-a1a6-f60abfba16c0,22:19:08.000,5FTEX1MAXAK844295,130.3333333,31.6166667,0
b6af4c93-c662-4772-b36c-95b79ce3b9d4,19:04:25.000,5FTEX1MAXAK844295,109.818685,27.190708,88
a8f8f4f9-7694-492f-aa70-6b2444d4ed46,5:40:07.000,5FTEX1MAXAK844295,106.8325872,-6.8202532,98
16655290-2fec-4ba9-905d-f0353fabe419,15:27:22.000,5FTEX1MAXAK844295,124.106681,7.834501,94
13560d0a-571c-453c-bfd2-9480fc91cd76,23:27:16.000,5FTEX1MAXAK844295,13.6861064,49.7144884,56
8a40c11b-d824-4173-8e5f-380e7cbeb50c,10:49:42.000,3FTEX1G5XAK844393,-45.2515461,-21.692578,17
2d10e24c-ca16-421d-a38f-6bf0ede3b391,17:08:46.000,5FTEX1MAXAK844295,11.8194902,57.6947552,36
60ebd642-ee7f-4c74-858d-4e111a4a9b9c,13:00:08.000,5FTEX1MAXAK844295,20.2638941,44.3794871,59
1da2e13d-9eeb-4902-b4ad-c0d05f5d8ae6,1:05:56.000,5FTEX1MAXAK844295,99.4976356,3.2443317,48
f302775e-a088-4e44-8905-fe6349a5f3ff,3:54:30.000,2LAXX1C8XAK844292,116.4606871,39.9226132,65
bc3d0111-b760-4ec4-b9ea-d03155189aa4,15:52:03.000,5FTEX1MAXAK844295,-15.2765351,13.4198217,80
68bc296d-54fd-4728-875f-253329b60bbe,17:23:43.000,3FTEX1G5XAK844393,-35.1301043,-6.3810573,93
50362cf1-b318-40de-982c-95ca1cba5729,22:21:59.000,5FTEX1MAXAK844295,107.627451,-6.6655005,60
29a9a259-2e07-4822-991b-7267ef7ff337,22:30:07.000,3FTEX1G5XAK844393,121.0749225,12.3363017,64
fa99a98c-285d-4e3e-a6a5-26aea2cde5e5,11:38:12.000,3FTEX1G5XAK844393,-11.5589105,9.5844123,98
7b0b543b-a7f6-456a-8a9c-1e83d5b0e4e0,11:48:39.000,3FTEX1G5XAK844393,100.222545,26.641315,11
17069739-3b7a-4c69-9d5d-bc516254f24d,21:48:50.000,3FTEX1G5XAK844393,121.406995,29.655143,64
e435569a-0bb3-4672-950c-4919c5e2d7af,8:38:33.000,3FTEX1G5XAK844393,26.4821156,61.5071877,15
9be403e6-7a36-4f0e-9e8d-84e2fd97dc49,11:43:28.000,2LAXX1C8XAK844292,121.713538,31.068706,56
3a55a358-59bd-4443-b468-db6b7abc4316,17:01:12.000,1FTEX1C8XAK855191,22.4952072,65.855827,51
e20d7d5e-d64f-4ee5-82c9-8c6b9b7445eb,2:41:33.000,4FTEX4944AK844294,108.93977,34.341574,83
bf189a6d-d903-4071-9dab-4de150780dcc,19:07:50.000,5FTEX1MAXAK844295,105.4771084,18.2865589,58
54cb61ab-1e8c-4b6f-a0d0-6ba44f9cdecb,13:18:11.000,4FTEX4944AK844294,20.5122334,50.0055345,32
8926d106-9572-4e91-88c5-20c7b6064149,7:50:34.000,5FTEX1MAXAK844295,34.7770192,31.8123014,46
b5acbabe-d958-442b-8f90-b9c1f3d9e697,1:12:12.000,2LAXX1C8XAK844292,-57.61516,47.61668,77
3a71b657-8a32-4700-9f49-176d7c433d12,15:24:46.000,5FTEX1MAXAK844295,17.6844943,52.4598946,6
2d6160cc-7eed-48d3-99fd-458a55b8a7a9,12:36:04.000,4FTEX4944AK844294,111.9298922,-7.6375159,25
40d5f02b-afe6-4bea-a73d-b5d176da427e,22:35:48.000,1FTEX1C8XAK855191,38.8503123,55.6117934,30
c41cd444-dd74-4982-b8c9-58ea38d76b84,5:17:04.000,5FTEX1MAXAK844295,113.241823,35.215892,62
6f481650-0fad-4855-94b5-b25555a2d365,15:25:03.000,4FTEX4944AK844294,112.2264794,-6.9010133,76
44b5e996-a982-4793-aacb-482fb6d425f2,5:46:02.000,4FTEX4944AK844294,44.6507762,40.1336715,66
a1c53030-006d-4b90-8a35-01ba4751e1b8,1:17:24.000,1FTEX1C8XAK855191,144.715468,13.460196,32
3c1f5680-1b12-42dd-af78-444a31253e7c,13:37:34.000,3FTEX1G5XAK844393,105.656922,34.782718,19
327bcc97-322c-45d7-ab63-97b991833c6a,20:12:53.000,2LAXX1C8XAK844292,-78.5185197,-6.5139395,33
2a79ed99-65fa-42ec-a560-807bedf998fc,15:34:26.000,3FTEX1G5XAK844393,121.320622,31.294176,34
b35fabfe-6093-4206-8d6f-e14653e521cd,8:53:55.000,3FTEX1G5XAK844393,22.0614693,61.2320157,19
713732d6-0bd4-45df-9da0-cf07cc54ad7b,12:13:01.000,2LAXX1C8XAK844292,-49.9783088,-23.1734868,65
627e9f85-9ce3-4cf3-87c1-7c325f2b2d20,2:18:29.000,2LAXX1C8XAK844292,117.135488,39.224791,40
5e3e3c69-a86c-467e-9b52-14a13d215e1e,4:39:54.000,2LAXX1C8XAK844292,106.7175669,-6.3077057,35
af01a1e9-8fc1-4f47-95c4-af9423695d86,11:25:45.000,1FTEX1C8XAK855191,-91.458364,15.3549925,63
a336867d-7c34-49be-8aad-de7084417de3,18:54:27.000,3FTEX1G5XAK844393,21.3556594,60.8255382,47
75027c57-c350-4184-9fb8-2abd6a73549e,18:59:36.000,3FTEX1G5XAK844393,80.1030014,6.139428,1
9bb7112b-71c1-4175-bc2c-3491e87ec27c,9:19:36.000,1FTEX1C8XAK855191,121.0504535,14.3679657,25
3050ecdd-df9f-4008-a394-def9df9c079a,16:04:50.000,2LAXX1C8XAK844292,37.5017499,45.0206335,21
92e0aadb-55cf-45ca-b954-59453c5b1f34,20:30:02.000,4FTEX4944AK844294,-47.4710798,-21.8421051,15
cbece659-5e95-42c4-9850-1eb47ece3a60,12:14:32.000,2LAXX1C8XAK844292,-89.8909572,16.9296881,27
6021abcc-905f-48bb-a662-89dc5b201eff,23:50:36.000,5FTEX1MAXAK844295,-71.21667,-32.78333,1
77bed921-3264-42ab-8f40-bf83f0f07dcb,20:56:08.000,1FTEX1C8XAK855191,100.1927389,7.4286324,31
a0acc988-577d-41a1-bd0a-b6843e6eb74d,19:13:25.000,1FTEX1C8XAK855191,130.5200852,33.7311229,100
61f7bf28-262f-4533-921a-4fd8913a7951,10:11:54.000,2LAXX1C8XAK844292,40.5529044,49.9378835,93
ed76dc4b-0c42-4b1c-980c-88d91900d627,7:26:24.000,4FTEX4944AK844294,-77.3472943,37.9414132,43
56ff5592-79ec-4433-aed7-f187f6afde1e,15:54:42.000,3FTEX1G5XAK844393,124.1164429,12.9061863,46
79a177b3-305b-4604-9610-c6448d2b293e,6:47:42.000,4FTEX4944AK844294,-70.3673152,-15.0418557,79
0d4e4f12-e42f-4cf0-b1dd-d7960958b6e1,6:52:56.000,4FTEX4944AK844294,99.923859,8.3373304,74
b7273609-24a3-482a-a019-8dc8b2681bb1,6:25:23.000,3FTEX1G5XAK844393,-1.6299338,42.8302933,19
4a87cd39-fbe6-4c0e-bc6f-6a3a2b8a33ef,7:41:32.000,2LAXX1C8XAK844292,22.6027073,54.5979325,9
34746f43-b9e6-4a85-8fdf-6eb3d8ab6949,3:38:27.000,2LAXX1C8XAK844292,128.1160213,-3.6005866,60
2b7ce4a0-46ae-45bf-a552-50ae2119e50d,5:37:39.000,3FTEX1G5XAK844393,67.63696,32.72692,29
07639d30-4488-4c9b-8fb9-0a30edd576d0,1:57:56.000,3FTEX1G5XAK844393,19.1332531,49.5962241,15
23ec25a2-0a6c-44ec-8cba-8d91aeb79899,23:35:02.000,1FTEX1C8XAK855191,124.8833084,8.9951264,64
f56b647d-197f-4e7c-9b23-407ebb2d1a6c,8:33:46.000,4FTEX4944AK844294,106.7175669,-6.4306844,15
f17e561d-6bd4-49c1-9ef0-1295e1c63a64,6:30:46.000,5FTEX1MAXAK844295,35.072538,32.370069,58
1f8ff94c-b394-4ece-a377-d79eed161da6,17:31:42.000,4FTEX4944AK844294,31.8880994,51.0377956,5
4cebefa5-ad73-4e85-82b1-7d1dfa71abd3,21:16:23.000,2LAXX1C8XAK844292,19.2224417,49.6496394,46
dbda07cd-571a-4c00-a5c3-075605c0ca1f,23:52:12.000,4FTEX4944AK844294,121.0220037,14.5338735,23
bd17cccc-b097-4c3f-9126-a2a8e68b35eb,15:39:07.000,4FTEX4944AK844294,-96.7099999,43.6,86
acef5ce8-c68c-4695-a72c-259019c03617,18:06:27.000,3FTEX1G5XAK844393,18.0257303,59.3343961,33
417a52dd-1422-4470-a11a-d266dedb6e1c,15:54:23.000,1FTEX1C8XAK855191,113.197169,23.03616,31
543b650a-7de3-4ea8-851a-41fe70dc945c,13:38:06.000,5FTEX1MAXAK844295,19.2750867,50.6230724,47
f33f9034-ba2a-4977-beba-c90fbd0cc1a4,12:51:40.000,4FTEX4944AK844294,126.4816856,34.9904542,11
ca2f2714-a783-4ad6-a722-5d74e5edcd1f,23:48:20.000,5FTEX1MAXAK844295,147.1440875,-41.4332215,7
5e637af3-7916-4013-9aea-086f67d9e22b,7:53:04.000,2LAXX1C8XAK844292,118.9353968,29.5530941,32
2260f40c-2273-4979-b990-a1288fe9f59b,0:55:22.000,5FTEX1MAXAK844295,160.6960306,-8.7678593,48
e93ec57c-a9cd-4bd4-a0e0-daadd9521c0a,2:10:19.000,4FTEX4944AK844294,25.692493,57.630161,85
daaa44aa-52b9-4f18-887e-2da07a9357ac,13:16:03.000,5FTEX1MAXAK844295,98.193961,14.082769,35
52cecf86-253c-4707-9ed6-b6b43968455b,12:12:02.000,4FTEX4944AK844294,-87.6112325,15.6019543,21
7ffb732d-7d89-4de4-abd7-2053e8259e1e,23:51:24.000,3FTEX1G5XAK844393,-7.9131603,40.781499,44
5ba85cdc-4040-4388-96aa-b4e5bb65dfb5,12:27:08.000,5FTEX1MAXAK844295,15.8075614,51.5021976,16
16fb7388-a772-45dc-9fb0-c5589d85a89d,9:41:43.000,3FTEX1G5XAK844393,-79.4760133,-7.2452522,16
46698106-4387-4e60-8d9c-a82792658d51,19:51:21.000,4FTEX4944AK844294,-65.3109259,-43.2744697,13
7c680ae7-1180-449f-8350-d086f8fb6aa2,7:04:54.000,1FTEX1C8XAK855191,124.297718,0.5987602,86
5d6927b8-6d2b-46a8-a4af-04eb0b202241,1:50:16.000,3FTEX1G5XAK844393,106.3265126,21.0345812,90
fbded4ae-84eb-4533-8c8d-cb8d377cc9af,17:46:31.000,5FTEX1MAXAK844295,111.8568586,37.2425649,17
b4cdc0fa-e11d-472d-b284-80057c40faf2,21:28:15.000,4FTEX4944AK844294,109.9854145,-7.1477523,60
03ebf684-1477-4895-9a8e-b62b510ac077,13:29:27.000,2LAXX1C8XAK844292,131.846635,45.529774,71
e7cd7975-897b-45cf-a5e6-4850750cd3f2,14:30:19.000,5FTEX1MAXAK844295,-6.302078,34.302131,10
6a7c0b4e-6e84-4850-8e9b-c751acf28193,8:05:39.000,3FTEX1G5XAK844393,-72.189,6.8793892,48
453a6597-a667-40f5-a245-1603e4cd05d0,9:10:29.000,3FTEX1G5XAK844393,11.43299,6.45843,3
a9fd8195-53f3-4a72-aaa6-a96744f77082,0:42:40.000,3FTEX1G5XAK844393,91.349867,29.66941,3
10875d44-ca03-4f08-89a6-07a20f38b05a,20:55:06.000,1FTEX1C8XAK855191,106.5584071,9.9077234,40
4c9445d2-7931-4c6d-8715-8a87e4121182,11:26:54.000,3FTEX1G5XAK844393,-84.0322316,9.9748039,92
5c43416d-8d9a-40bc-b520-18e7dfd3c3b7,15:42:09.000,4FTEX4944AK844294,116.512037,29.204461,32
863e387b-aa63-48f1-8061-e5d8db7decd0,10:07:56.000,1FTEX1C8XAK855191,126.9568209,37.3942527,69
8d4f3ea3-5f7d-464b-bd6f-0a3c7c3e05f2,19:27:28.000,1FTEX1C8XAK855191,127.875104,26.3358903,12
b3048734-0c29-41cf-bd46-f1b2b6036ccc,7:33:22.000,2LAXX1C8XAK844292,20.3755648,41.9238499,63
4841ecfa-82f9-46f3-80fc-8709031a953f,3:02:56.000,2LAXX1C8XAK844292,121.507191,29.756501,32
30a234da-b65e-4858-8ce5-5db624f9b99c,5:05:23.000,5FTEX1MAXAK844295,-68.3426534,-34.6143394,20
5ba9bdf1-01c0-4f55-83c9-e0f0de92aaea,4:26:18.000,3FTEX1G5XAK844393,68.6514455,26.1517206,94
d3ac951d-ef7a-418f-b273-69074434dce4,22:57:18.000,2LAXX1C8XAK844292,109.503758,38.253338,33
5bacfdbc-0d5f-427a-88c2-d247a9d0b8c5,3:32:11.000,1FTEX1C8XAK855191,72.3110986,31.2633956,24
86728b82-38a0-49ef-9c0d-ad4488aabbd4,14:51:24.000,2LAXX1C8XAK844292,118.502373,26.393274,48
c59a48c0-a2e1-41fb-8765-58c891ec7fb4,11:05:31.000,1FTEX1C8XAK855191,114.886335,40.767544,11
02280b74-a929-4c95-90e6-3539a073b0af,7:50:47.000,3FTEX1G5XAK844393,39.0189623,22.7906701,81
ffe8a20a-b12b-4718-bde5-6ef9757fa1de,14:15:18.000,4FTEX4944AK844294,122.9930557,-8.328331,86
337d4d19-075b-45a4-8145-86ae51df397b,14:38:49.000,5FTEX1MAXAK844295,31.3541631,0.0637715,61
9e81f685-7067-448c-ba2f-6db5818d9286,15:26:45.000,3FTEX1G5XAK844393,19.1359789,42.0963895,77
a3e0fa85-bd54-4270-a7cd-e2aab0075162,16:40:55.000,3FTEX1G5XAK844393,-40.2475694,-3.1865586,83
b1d25878-fe1b-47ed-b6a9-bd800d428926,13:35:05.000,3FTEX1G5XAK844393,44.5841127,40.0179745,48
796dcc54-fd34-4a3d-9e0e-ad25b93aeb74,21:44:50.000,2LAXX1C8XAK844292,20.6630795,50.9872632,62
121ac7df-49ae-4eec-bd27-94f94c8f4808,14:30:12.000,5FTEX1MAXAK844295,111.308664,41.186564,13
0cd487dc-6963-4a51-b503-df4ba6184da6,7:51:50.000,4FTEX4944AK844294,13.4953857,58.5235952,64
004320f5-953d-403f-9cf3-e72f1e1da813,11:42:01.000,3FTEX1G5XAK844393,-13.0299331,10.9089364,93
3b7ef5e3-51cf-4f64-946e-fcc02e55deaa,7:16:21.000,2LAXX1C8XAK844292,19.8640376,44.8948219,0
6ba96f43-495b-439e-93f9-61aabcf32e6b,23:43:01.000,3FTEX1G5XAK844393,-73.327532,7.639571,83
efe91cd3-2c86-4087-91aa-590be59069d2,19:37:50.000,1FTEX1C8XAK855191,113.393516,31.325748,59
16c0f8b5-d2b5-4e75-abf6-056feba43855,22:25:02.000,4FTEX4944AK844294,52.4513187,54.5776433,25
8a5da8c0-9496-410b-a25c-bd52885f39fd,15:51:14.000,4FTEX4944AK844294,37.2784835,-0.4993281,26
b4d4c95e-f793-42c6-92ce-cae220ccbb47,14:40:17.000,2LAXX1C8XAK844292,-47.4013437,-20.5393288,65
f0352315-b6de-41da-a897-0f1df5986b12,3:01:10.000,2LAXX1C8XAK844292,20.2328467,67.8509908,38
49cf42a8-91fa-46ea-808c-72e04b97c738,12:45:48.000,4FTEX4944AK844294,-7.4517472,39.9167763,21
f560ecb1-4b3b-4dab-9c74-57dea0b4d41a,19:45:52.000,5FTEX1MAXAK844295,-65.3379779,-26.924287,26
9c5eaa0a-2085-493d-ae17-10452fff75e5,16:00:03.000,2LAXX1C8XAK844292,22.4387178,40.2074194,39
e779e0ab-5489-4526-b6d2-5201bdc9a5b6,16:08:52.000,1FTEX1C8XAK855191,20.006257,41.6089452,76
d98b00ca-702d-4c0b-82e3-5f83b2299eae,10:01:37.000,2LAXX1C8XAK844292,-46.9343777,-22.363303,74
839e4bb9-98bd-4898-ad26-44c7fa8180f8,15:46:01.000,2LAXX1C8XAK844292,-8.2760021,40.9937134,65
1ce1b3ee-e359-4a49-9060-47ba5b5c1981,10:53:24.000,1FTEX1C8XAK855191,85.6978029,52.4219719,28
904c922a-d014-432f-8f12-df1d68d4dedf,12:46:47.000,4FTEX4944AK844294,123.1966721,41.217649,46
0129f7be-14aa-4672-ba15-8c4607db5ae8,18:11:04.000,1FTEX1C8XAK855191,-37.0730823,-10.9472468,41
847a0a99-c348-4743-a4d4-d3b32a84b3d5,15:53:50.000,4FTEX4944AK844294,73.4445392,40.3132524,93
98e6bf3c-76a8-4f5e-81f6-0e1fdaaad3cb,15:03:02.000,5FTEX1MAXAK844295,-8.4219601,41.5678915,57
af11630e-82c2-4568-bdff-59e7a353898d,16:22:46.000,5FTEX1MAXAK844295,117.059325,38.942367,4
dd4ca4d0-f07f-4067-9dbe-84c297ac533e,1:27:04.000,4FTEX4944AK844294,102.7117,53.7002,20
27b9df42-20e9-41d6-ad26-55a47da16187,10:03:31.000,1FTEX1C8XAK855191,101.0084698,13.0742447,79
56d11361-d400-411c-af5a-08843a19a54e,9:46:25.000,4FTEX4944AK844294,120.6060568,30.7959602,91
b35c5ede-5d55-4522-8154-64f155148320,10:46:50.000,4FTEX4944AK844294,-48.3256762,-21.2525138,20
6d52b0c0-9c33-4430-8379-c15269282503,19:47:22.000,1FTEX1C8XAK855191,142.3980641,44.3868443,14
a0b40931-3379-43b5-8410-2f09594d8398,11:15:34.000,1FTEX1C8XAK855191,107.155344,34.355068,53
7d156cb2-466e-477e-9b8e-3a65eb956b2e,3:12:46.000,1FTEX1C8XAK855191,106.8672736,-6.2900045,82
03d8aeaf-82a2-4657-82c0-b76a1f922543,18:00:18.000,2LAXX1C8XAK844292,101.2804075,6.5411018,13
dd3b472e-0a82-4199-ac9d-d6997bee5c6b,10:27:36.000,3FTEX1G5XAK844393,105.8097244,20.9959819,73
aa2d5f6b-5e47-4d2f-ae24-f95a75020702,8:15:23.000,2LAXX1C8XAK844292,126.8311887,37.1994932,19
973a74c6-4731-40ad-8561-74b29ccf7fde,10:24:49.000,5FTEX1MAXAK844295,103.267142,23.714316,32
ba213b43-deb3-47f5-9d8c-9c42468e7496,5:08:45.000,4FTEX4944AK844294,-1.6029573,48.8331738,3
e7beab7e-933e-40ef-9b5d-e18a999c7652,7:14:06.000,3FTEX1G5XAK844393,-60.6923382,-32.9285798,11
d04a0f3c-1868-4a62-b6f4-524204a4cbed,4:03:55.000,5FTEX1MAXAK844295,121.293544,31.207751,71
3b63968f-58aa-46f9-ba15-cb8eabcc7f48,12:48:16.000,2LAXX1C8XAK844292,114.333767,22.863502,58
e4747859-190f-4cf5-84af-3270fcfd134c,8:42:58.000,4FTEX4944AK844294,14.2111388,48.8540194,89
f64b2cb5-b967-4b56-b2a0-3a0aadd6f897,10:04:49.000,2LAXX1C8XAK844292,-51.5169861,-29.1667089,35
4b845161-fb77-4aae-abda-195c508a7c58,16:51:53.000,1FTEX1C8XAK855191,27.215089,53.4619521,55
5628514a-3626-4c0f-8e7d-6a7656ad5a72,8:46:26.000,2LAXX1C8XAK844292,44.9672863,42.1119268,88
d9766500-c1a3-4e38-b9b3-af8c3d866a01,19:35:32.000,1FTEX1C8XAK855191,30.3865325,59.924661,34
0ca80233-91c3-4a4f-96ab-9b7acf1ea5a4,11:56:08.000,1FTEX1C8XAK855191,7.6710889,13.9501075,81
f556ddc8-ae87-4205-bcaf-9e8687b7f1fb,20:23:53.000,2LAXX1C8XAK844292,17.3278637,52.7441662,24
fcf4477d-a37d-4778-b03c-fdbcc90cb00d,5:42:16.000,3FTEX1G5XAK844393,-68.1429749,47.015529,56
003fed2a-f56f-4b05-b2ab-f0a29df3e854,19:48:35.000,3FTEX1G5XAK844393,-75.427262,6.0351528,0
a596d800-3ff9-44d4-9cbb-27bc2553384c,5:58:24.000,1FTEX1C8XAK855191,103.9325393,57.1355803,86
77ce6473-ff98-41ff-a06a-da9106d9e721,0:26:49.000,5FTEX1MAXAK844295,121.3165342,29.9826362,32
c267b937-3a0b-44c2-a8c7-c4a760b1ef12,12:37:48.000,3FTEX1G5XAK844393,-49.0717331,-26.9165792,36
b842e727-eff2-4e7c-ab22-5a72d317179f,14:28:19.000,3FTEX1G5XAK844393,124.25218,46.364025,99
8f102dbd-2070-4256-92f3-4676ce271ccb,17:37:28.000,2LAXX1C8XAK844292,20.4744696,45.4352011,67
527ddd91-f3c0-4391-b603-000ab00a64c4,1:08:45.000,2LAXX1C8XAK844292,99.819316,39.377733,90
7d032236-f5f9-4442-b914-da51dfe1ba92,5:54:00.000,1FTEX1C8XAK855191,113.0369406,-8.0295271,64
5a1cde55-780b-45ae-95a8-ce1620f627b3,1:44:07.000,3FTEX1G5XAK844393,-79.2420766,-6.9592677,36
57c64380-66e4-412f-a5f3-88faafec2b51,11:54:51.000,2LAXX1C8XAK844292,35.04532,31.88743,67
802729fe-f671-447b-85a3-cc9198fd9f8f,18:30:58.000,3FTEX1G5XAK844393,106.8226808,-6.1965654,17
6d19dd79-a433-4d69-917f-4785cd4929e0,11:56:53.000,3FTEX1G5XAK844393,144.9630576,-37.8136276,86
86827b4b-e42d-4730-809a-2b7f1b86f6db,21:59:13.000,3FTEX1G5XAK844393,5.8978018,43.4945737,37
2fab98e6-f672-420a-9799-470202c28bbe,3:52:42.000,4FTEX4944AK844294,124.0585732,-9.9851249,1
04776af9-6ca4-4c68-b0ea-f21781b2f240,11:00:31.000,4FTEX4944AK844294,2.5198901,48.835233,53
80acc589-78be-49f7-a051-b9ed939c8836,2:18:28.000,4FTEX4944AK844294,116.321659,24.057648,1
bb7ea21e-bdc1-4cb9-a5c8-7f152ef5de1a,18:12:51.000,4FTEX4944AK844294,24.2128943,48.0545898,48
8c8f9ad0-afb2-4b4f-abb0-fa94d2feb5a2,23:28:06.000,3FTEX1G5XAK844393,116.0761121,5.9840985,50
6c45af52-272b-4cc2-bd32-f49f7376fbdc,2:27:36.000,1FTEX1C8XAK855191,-84.3436881,33.723039,22
1631478f-3f50-4d10-8d6e-89572f6c9c56,1:20:32.000,3FTEX1G5XAK844393,-84.52,37.99,87
31e66581-5b2a-4b80-af5e-d0870b56f283,10:51:46.000,1FTEX1C8XAK855191,100.22775,26.855047,38
4c87ddd3-51f4-4d7c-aeea-b1a20667cb94,10:27:41.000,3FTEX1G5XAK844393,-63.5997921,-17.1101039,18
98ea94d3-c1b1-4320-9884-749e72e31bb6,17:09:28.000,5FTEX1MAXAK844295,103.4049445,0.7697665,10
1d2738b4-d88d-425c-a130-6f1c8b64fe50,8:29:48.000,2LAXX1C8XAK844292,117.251586,39.128291,63
ea28b95c-b2de-4a07-93ae-f277d4a3e45d,22:19:22.000,5FTEX1MAXAK844295,-99.2473801,19.4416194,27
1b73f64b-1ec7-4168-a9ad-bf3f9e549fb3,12:11:43.000,2LAXX1C8XAK844292,108.0940566,-7.3055997,14
68fb9e62-f7b0-4656-a1c5-97ee61ff965f,23:26:34.000,1FTEX1C8XAK855191,22.8537385,51.0248584,75
8d79ff75-704e-413b-95f9-13de7d31bbcc,4:55:33.000,2LAXX1C8XAK844292,101.507294,29.000347,94
d71375e5-6a3b-4b16-a6bf-89aa21ad722a,13:06:20.000,2LAXX1C8XAK844292,30.6775054,-17.8766507,31
44671989-ee72-4ccf-857a-06c8484216ce,20:21:58.000,1FTEX1C8XAK855191,-123.2679395,49.3637828,55
1081405d-524d-4807-80d8-4f92127f7821,21:53:04.000,5FTEX1MAXAK844295,115.161532,30.967145,96
31486744-0f47-4ae5-aca3-701108ee0478,0:27:37.000,5FTEX1MAXAK844295,-75.811744,6.67745,75
32516ca7-9181-420b-8cf5-acbdc22a3933,14:29:48.000,1FTEX1C8XAK855191,120.6194139,17.5946213,1
7e28405f-173c-4262-8b61-8c4ca813635c,0:56:34.000,1FTEX1C8XAK855191,6.4183299,52.7140571,29
af157274-41f5-488a-bced-a10a7eddf41b,16:57:05.000,1FTEX1C8XAK855191,51.4821387,25.5784559,94
63724c1f-ac29-4859-9deb-ff56fb977af2,3:15:34.000,3FTEX1G5XAK844393,107.6306684,-7.0058265,31
be333c7e-cbe5-4061-80cd-89cb151aa7a8,9:55:46.000,3FTEX1G5XAK844393,118.299341,29.673141,65
63867575-dd03-485c-b188-0abf41303009,1:05:38.000,3FTEX1G5XAK844393,-60.3090948,-36.9072882,29
e73ddf0e-3b14-4d3b-8834-eb4bc5b0b1b4,18:51:47.000,3FTEX1G5XAK844393,99.819316,39.377733,21
23d556b7-8c80-4d96-a2e5-687d84e841fa,12:48:40.000,3FTEX1G5XAK844393,23.8131306,53.6693538,27
c8aff92b-da68-49b8-8b2c-6872520e024a,18:38:06.000,3FTEX1G5XAK844393,20.0143022,39.420994,70
a2bab111-055e-453b-b4ce-68228d576d55,7:30:16.000,5FTEX1MAXAK844295,-72.9588593,-36.6131562,95
6a63178c-062e-4470-a29e-3eec350ef629,22:27:15.000,2LAXX1C8XAK844292,125.8470159,7.5823695,38
c765f6bf-ee10-43b1-bf6d-d94a746b8aae,12:06:44.000,3FTEX1G5XAK844393,29.9846651,60.053638,34
ada29875-9eb6-4b3b-8399-aeda2b3ab807,8:02:41.000,1FTEX1C8XAK855191,-84.5195974,39.2671237,56
0b4530b4-2ef4-4ec9-9a8a-480e41e7b4cf,7:55:29.000,2LAXX1C8XAK844292,-40.4657826,-18.4943258,46
5af20a56-9ea9-4649-84af-c40833b3d6ee,15:30:18.000,3FTEX1G5XAK844393,12.4552546,43.9574882,38
251a77b4-2de7-4c37-bd36-c7b55cd4982f,10:56:19.000,5FTEX1MAXAK844295,-99.0591821,19.3376878,71
36bf169e-cd0c-4b64-bc45-07b3fc0ee2e8,17:20:01.000,4FTEX4944AK844294,-73.8726184,40.7753311,68
775fda8d-8aab-47fa-9980-892464806a48,12:05:30.000,1FTEX1C8XAK855191,88.3994723,69.4976485,4
9000e592-15f4-4d24-841c-3ed7aa47e175,13:14:16.000,5FTEX1MAXAK844295,114.926383,37.366903,93
ea3bac41-9210-4f29-a48a-76dd5709b6ca,1:15:47.000,5FTEX1MAXAK844295,19.5627596,40.727504,96
f3fbb1ed-5c75-4a15-b0b9-49174bd26f96,20:14:51.000,2LAXX1C8XAK844292,7.3372459,47.8060989,27
f3fa9d93-8d8e-498c-ab66-772e968b73af,10:47:00.000,1FTEX1C8XAK855191,-73.0496952,-41.112498,29
15c4fe3c-a2e0-4de0-b043-54fc688c9ca9,5:54:38.000,1FTEX1C8XAK855191,119.5571677,-4.805035,8
78c79f20-ba09-470a-9a61-84bef82a4242,11:41:33.000,4FTEX4944AK844294,112.7688416,-7.3511436,91
d522f677-650a-45f4-8294-75f4ea48543e,7:35:46.000,5FTEX1MAXAK844295,43.7759042,43.8051322,13
c15cf73e-b642-4eb0-8577-47a73f2e4d28,15:46:54.000,1FTEX1C8XAK855191,18.3268323,44.1618902,90
1910b822-9e95-4319-956d-a90457802ed4,20:19:39.000,1FTEX1C8XAK855191,21.81667,37.28333,0
71c17972-4148-4a66-bffa-11073418c9d3,23:49:41.000,1FTEX1C8XAK855191,2.2593884,48.923882,87
cb35bd29-4cea-4075-911d-15e8a513254a,2:14:14.000,4FTEX4944AK844294,-54.8731219,-15.3238812,74
f7d90efd-6522-4fcc-9760-9bc0cb8cb91b,8:46:06.000,5FTEX1MAXAK844295,14.4728422,50.7736289,32
7e15899f-58f2-4bad-9443-b7d59f19bb8e,18:09:13.000,3FTEX1G5XAK844393,118.886931,42.25785,32
f06015fa-1eca-4442-af34-bd3cebedf79e,14:53:54.000,5FTEX1MAXAK844295,18.8926441,45.3663916,93
80db0022-627b-468e-90ee-6413a9c33a41,10:46:41.000,2LAXX1C8XAK844292,121.1190338,16.3264084,99
a4fc484b-b124-4680-9a4c-43e9b43c7904,4:42:14.000,3FTEX1G5XAK844393,91.7678144,48.1735752,7
958c122d-57ff-40de-810c-9c52c4ecf822,0:36:47.000,5FTEX1MAXAK844295,2.5197726,48.9005909,69
30305015-b242-40fa-ab94-4ebf2f956776,11:38:35.000,3FTEX1G5XAK844393,-9.1540186,38.7960995,31
e24aea0c-53be-49f1-8d74-1506c3236752,5:19:26.000,5FTEX1MAXAK844295,124.2227061,-8.2481387,39
8c636a3d-dac1-44e0-a3a5-cd69aacc64da,4:28:00.000,2LAXX1C8XAK844292,-77.553344,-9.3601019,72
26887a65-a787-4173-8a72-52a38eff59c4,3:24:07.000,3FTEX1G5XAK844393,2.2372823,48.830394,42
9416efd4-744d-4dc8-8ee7-05707d497074,23:53:50.000,5FTEX1MAXAK844295,-7.716271,38.3957888,79
f28d5c78-9fb4-4245-828f-a7cf5e237a87,6:53:24.000,2LAXX1C8XAK844292,118.41697,32.200197,2
dc5f933f-fbf7-4f50-9c88-70f25a2aa857,22:25:15.000,3FTEX1G5XAK844393,-9.0952451,38.4664687,82
b5104961-b664-40f7-aea7-616893fddf8e,0:32:02.000,3FTEX1G5XAK844393,15.7321831,12.9953534,16
d0cfc339-e170-40b6-8616-ce28e3ed0ad6,17:50:53.000,1FTEX1C8XAK855191,107.68305,-7.13754,6
035c1be5-339f-4944-be87-f2232430c63e,3:56:34.000,5FTEX1MAXAK844295,-75.259705,5.2843859,43
fd7521b2-3e7e-4e5f-90a4-2f40ac15b5d8,17:28:45.000,2LAXX1C8XAK844292,47.851999,46.204501,12
28ce66f6-7743-4cb5-87c9-7aef93234ba9,12:08:39.000,4FTEX4944AK844294,130.274684,47.31878,89
f9b4a8ac-2b0a-49cd-a7eb-d158587c33a1,21:49:53.000,1FTEX1C8XAK855191,-48.6891129,-21.7414439,34
ee4357f3-bb4b-45ca-b59e-254cc5e765b2,12:22:51.000,5FTEX1MAXAK844295,17.7010227,59.8088101,70
df70a1c5-af53-40c1-8460-9306d21d74e8,2:38:37.000,2LAXX1C8XAK844292,-39.0161259,-4.9684385,64
1b3458d0-ba6a-497a-a5d5-b66be1e2fecd,22:43:04.000,1FTEX1C8XAK855191,121.0394028,14.5001422,63
fed331f9-d638-4b64-a333-e0232a98676e,17:36:44.000,5FTEX1MAXAK844295,99.840576,19.9104798,42
d47d0c90-b2d7-4fd1-aad9-1561cb1b5140,16:33:18.000,3FTEX1G5XAK844393,60.514706,59.418208,82
09ea0b18-6488-4f6f-8a42-513c1f1aa202,1:12:27.000,5FTEX1MAXAK844295,54.1584621,51.5969624,8
7d732ee6-295b-4e21-abcf-d08fb01676c6,9:23:48.000,4FTEX4944AK844294,14.293561,49.7880079,8
88cae446-072a-4184-8b03-1345a93cf44e,1:24:47.000,1FTEX1C8XAK855191,122.552273,37.363389,77
c97c41d3-8988-4890-b0fc-9a8d3a5e9849,4:22:05.000,1FTEX1C8XAK855191,138.5178782,35.6940331,4
039f4234-98c5-4d92-86bc-8b33f3cbdb93,21:31:48.000,5FTEX1MAXAK844295,23.6502521,40.4930573,94
638b2417-4f7b-4cf7-953e-57da3dae9c6a,22:03:05.000,4FTEX4944AK844294,103.1358,5.3347,40
937ec7ca-88eb-43fc-8995-baedf90f8257,6:51:13.000,3FTEX1G5XAK844393,121.0062678,14.2647129,48
65226c3d-e8e1-4b5e-9876-9589e20887c7,14:04:05.000,1FTEX1C8XAK855191,120.0058196,35.8712549,82
4812f7e7-9602-42dc-8e5f-3848e5fd4833,10:26:27.000,1FTEX1C8XAK855191,108.45883,-7.11833,87
b90d13ca-e9a1-4f81-b3e6-3c0e4004a7ce,1:50:11.000,1FTEX1C8XAK855191,1.378056,44.025555,71
5709edb9-5a77-4437-b3bc-8d2d67036450,17:16:32.000,3FTEX1G5XAK844393,116.365867,39.912288,42
dcddca3d-a05b-45e6-9cff-66260052012d,23:52:26.000,4FTEX4944AK844294,112.745253,-7.267752,82
8de1e4bf-4d16-404e-a526-178227cbb5d3,10:03:55.000,3FTEX1G5XAK844393,2.1597595,6.6644629,11
913e797b-9942-487e-8daf-984ca8b7cb98,15:25:03.000,4FTEX4944AK844294,109.6163185,-0.2467982,12
3e8fa4bd-ff98-49b4-922d-819bb52ae2e9,4:05:48.000,2LAXX1C8XAK844292,-91.16667,14.41667,30
86b9b998-44fe-4087-af63-a92731900c73,22:00:47.000,1FTEX1C8XAK855191,-75.9579358,8.909013,99
d034d5c1-551e-49ad-ab07-16233859ac65,5:01:38.000,2LAXX1C8XAK844292,-7.9440252,37.1597829,60
5a5d6d52-0737-4c82-9ef0-173b26677655,3:10:20.000,3FTEX1G5XAK844393,-80.1791368,8.5974312,2
d2b771c2-e781-44ba-baae-afaa94c7b1ba,5:10:36.000,5FTEX1MAXAK844295,126.009711,8.955271,21
f8c6b3ab-64f7-473c-b601-ba3f63ba2592,1:03:31.000,3FTEX1G5XAK844393,1.3951553,43.8273805,64
b934bfaf-795c-4da8-b1f0-4a0b159e2dfd,0:14:48.000,2LAXX1C8XAK844292,135.123385,48.4089744,23
edf5fbb5-f91c-4318-bfd6-903a14fab88d,2:59:58.000,4FTEX4944AK844294,106.859119,31.082561,62
6b722b09-27a6-4571-844b-93667a64b986,1:18:33.000,3FTEX1G5XAK844393,66.65,36.783333,43
a79082bf-3670-4a4d-9b01-3ea932fbb641,17:45:22.000,4FTEX4944AK844294,-113.7233907,53.3547991,96
96886546-b431-4dfd-8ff5-3c340ada00e7,17:51:48.000,5FTEX1MAXAK844295,94.427663,31.385848,9
0dd9279b-6dbc-4887-9b92-10f941434eb2,22:39:42.000,5FTEX1MAXAK844295,-7.2314132,54.1794814,6
27f715d2-c518-432e-a96b-63ff7802c58e,18:48:24.000,4FTEX4944AK844294,-87.26432,14.913868,92
b00989e4-5ef2-411f-8bf2-d0c5edff3000,0:16:40.000,5FTEX1MAXAK844295,118.6154322,24.7204697,48
60931901-715c-4fec-bb14-4121437cdc0c,21:50:38.000,3FTEX1G5XAK844393,0.768949,45.180548,7
f3a2735a-260f-4e69-93a5-3c7bead181f7,9:58:06.000,3FTEX1G5XAK844393,111.468844,32.276495,11
f5afd3e3-c508-4e64-bba7-23efb4c7a510,15:12:26.000,2LAXX1C8XAK844292,112.6034763,-8.0509691,61
86c833d8-fda4-4582-9dbf-952b07b28309,14:04:48.000,3FTEX1G5XAK844393,75.99379,39.467685,29
93fa8941-400b-4e2b-a164-b947ba6b0438,1:08:53.000,3FTEX1G5XAK844393,-71.6986206,19.0807684,33
45eaa139-245b-4929-a7dd-d88ae6e96111,6:59:30.000,4FTEX4944AK844294,21.242165,64.6789618,86
b99609bc-f43b-4e65-bc16-f64d5ffc98a9,0:09:52.000,4FTEX4944AK844294,24.741899,53.6040518,9
2e1e63d7-5ff8-45ed-90fd-f28c9f76addb,6:20:59.000,5FTEX1MAXAK844295,-113.8998131,50.9359639,29
e06cb16c-59ba-466a-aee1-38de82905ee4,17:16:36.000,2LAXX1C8XAK844292,-69.935907,-4.203165,68
b5c236de-d89c-46a7-853c-36dc6764cabc,13:36:17.000,4FTEX4944AK844294,116.3654707,-8.5803424,44
63d36503-9713-4dc4-be1d-8648bacb280b,19:27:35.000,1FTEX1C8XAK855191,70.1039032,41.1155359,48
d248c4a8-46c6-4a0e-8789-5f90b8bbc215,13:43:03.000,1FTEX1C8XAK855191,121.0314508,14.6511524,89
ed486569-473b-42da-a4cd-94e367c5da29,6:13:13.000,2LAXX1C8XAK844292,107.1071,-6.2335134,15
acebf9f7-67d0-4974-853e-2293cc55d185,4:43:35.000,1FTEX1C8XAK855191,125.1216524,1.4403744,76
a583d7c4-3383-45b3-92bd-1b9dc0e683a9,11:00:54.000,1FTEX1C8XAK855191,-68.1042424,-38.9467974,63
919f1325-a9a6-4569-8a24-905ef6871b28,2:23:51.000,5FTEX1MAXAK844295,19.8839657,39.5676563,98
451ab893-3cdc-4c68-b5e5-551d6e25e746,7:30:01.000,1FTEX1C8XAK855191,-103.3818783,20.6941604,89
d267c723-251b-4936-96a1-70c400ae9df7,9:50:58.000,5FTEX1MAXAK844295,106.3228338,10.7006857,28
7f71f794-18de-4981-95c1-0674d6ac5ce0,12:18:53.000,1FTEX1C8XAK855191,106.227305,29.592024,23
a312725d-fb9a-4ab0-a165-7783b36afc0b,7:58:41.000,2LAXX1C8XAK844292,-106.3949498,23.2410273,65
1b8c5443-a6d1-406f-a0ab-d1ff1c0e9fb5,4:50:39.000,5FTEX1MAXAK844295,119.64328,41.403128,52
4d7cb168-0468-48a6-a334-a404857218d8,18:11:25.000,4FTEX4944AK844294,19.7204087,54.1863169,54
967f6b95-4c3f-4b5b-a13f-7df165c84fd5,8:03:24.000,4FTEX4944AK844294,105.114764,25.876232,51
b3af92e6-c056-481d-a478-aa7dac52a5b8,0:28:53.000,3FTEX1G5XAK844393,-102.4953899,31.8840886,9
c714b5e1-d53e-4c2d-9334-72733dc64b84,12:11:57.000,1FTEX1C8XAK855191,122.6733826,11.237963,38
ba61a0fb-73e4-4287-bfd2-071d0631cc63,19:41:07.000,2LAXX1C8XAK844292,113.53129,22.498753,8
3f88c28c-1e38-49a6-86ca-b9585b3aee37,10:27:50.000,2LAXX1C8XAK844292,2.1253854,13.5115963,57
ecefa66f-4677-47d9-bc9b-396008f2589d,16:15:01.000,4FTEX4944AK844294,124.734722,46.023082,92
6f1ccb38-d087-4a9f-9cb2-478fd70b94da,20:07:12.000,3FTEX1G5XAK844393,30.1988199,49.3909134,97
1a550777-9258-4157-8ae3-7a5fee56bb0a,19:09:39.000,1FTEX1C8XAK855191,-54.6972774,-18.3714305,16
b41e233b-022c-4293-9c2c-100f6338a265,2:16:45.000,1FTEX1C8XAK855191,103.506415,35.547715,46
8f6de4f5-6064-4bae-ac40-6ee35da9f8de,13:05:50.000,3FTEX1G5XAK844393,49.0729264,40.9109489,79
cec356a8-b37d-4fa2-a272-2c63593c3bb9,16:11:59.000,3FTEX1G5XAK844393,121.1140816,14.6062786,14
c347c136-bbfb-4391-8560-84a1d5d0be1a,1:20:19.000,3FTEX1G5XAK844393,112.615076,28.491356,54
29e18c07-2d11-42b5-b57f-0a6597de5542,23:01:07.000,1FTEX1C8XAK855191,102.2462087,6.1097207,88
6356f438-dbd4-41c0-a411-f7d20c077ae7,16:17:13.000,1FTEX1C8XAK855191,17.8240149,44.7381571,10
112bd387-68ac-4fa7-b7e3-d14c6955909b,6:28:26.000,5FTEX1MAXAK844295,108.6888227,14.9659262,41
0ad57a17-d420-45af-ae1e-076387bf3933,16:40:43.000,4FTEX4944AK844294,123.8784551,9.7209866,8
